seed,mode,variant,kind,sources,cleared,virtual_s,distance_m,measure_calls,switches,failed_clear,clear_calls,visited,opportunistic,wall_s
91000,3,G31,uniform,15,15,5748.815980395954,25094.07990197977,114,85,0,15,7,0,0.026661396026611328
91001,3,G31,uniform,11,11,4833.139634558257,20190.69817279129,127,105,0,11,7,0,0.004189968109130859
91002,3,G31,uniform,11,11,4538.4026873255225,19082.013436627607,115,92,0,11,7,0,0.003980875015258789
91003,3,G31,uniform,10,10,4040.5001744425895,16677.500872212946,112,95,0,10,7,0,0.0032684803009033203
91004,3,G31,uniform,12,12,4538.488229756953,18907.441148784776,120,97,0,12,7,0,0.00488591194152832
91005,3,G31,uniform,14,14,5396.498358985167,23042.491794925838,124,98,0,14,7,0,0.005371809005737305
91006,3,G31,uniform,10,10,4586.294554567641,19261.472772838202,117,99,0,10,7,0,0.0033538341522216797
91007,3,G31,uniform,16,16,5325.036846048265,22870.184230241328,116,91,0,16,7,0,0.006777286529541016
91008,3,G31,uniform,10,10,4578.812474622408,19194.062373112036,118,100,0,10,7,0,0.003687620162963867
91009,3,G31,uniform,16,16,4789.783996069031,20828.91998034514,95,69,0,16,6,0,0.005781888961791992
91010,3,G31,uniform,10,10,4385.480817060259,18212.40408530128,119,98,0,10,7,0,0.0034792423248291016
91011,3,G31,uniform,14,14,5246.0080350598655,22855.040175299328,105,80,0,14,7,0,0.005393266677856445
91012,3,G31,uniform,13,13,4719.9154527705505,20304.57726385275,103,79,0,13,7,0,0.004821300506591797
91013,3,G31,uniform,13,13,4795.055247506632,20290.276237533155,116,92,0,13,7,0,0.005191802978515625
91014,3,G31,uniform,12,12,4900.863169052732,20874.31584526365,115,91,0,12,7,0,0.005269765853881836
91015,3,G31,uniform,14,14,4574.1947637689655,19300.973818844832,111,89,0,14,7,0,0.004860639572143555
91016,3,G31,uniform,14,14,4900.351785086247,21191.758925431233,103,77,0,14,7,0,0.0057446956634521484
91017,3,G31,uniform,12,12,4548.450163571308,19512.250817856544,101,81,0,12,7,0,0.0042417049407958984
91018,3,G31,uniform,10,10,4962.277406149646,21191.387030748225,116,94,0,10,7,0,0.0056226253509521484
91019,3,G31,uniform,12,12,4603.138954172104,19315.694770860522,117,95,0,12,7,0,0.004813671112060547
91020,3,G31,uniform,13,13,4670.64871217532,19728.2435608766,114,90,0,13,7,0,0.004717350006103516
91021,3,G31,uniform,12,12,4928.4362018929,20897.1810094645,119,94,0,12,7,0,0.004608631134033203
91022,3,G31,uniform,14,14,4985.647926128878,21263.23963064439,114,93,0,14,7,0,0.004968166351318359
91023,3,G31,uniform,12,12,4883.416237588756,20657.081187943775,119,97,0,12,7,0,0.0043485164642333984
91024,3,G31,uniform,15,15,5290.615149764344,22953.07574882172,109,80,0,15,7,0,0.005846500396728516
91025,3,G31,uniform,10,10,4985.893376375195,21219.466881875982,119,97,0,10,7,0,0.0039408206939697266
91026,3,G31,uniform,14,14,5303.4025780974125,22867.01289048706,114,90,0,14,7,0,0.005555629730224609
91027,3,G31,uniform,16,16,4731.236199800833,20646.180999004155,91,67,0,16,6,0,0.005770444869995117
91028,3,G31,uniform,10,10,4502.973737805777,18774.868689028885,120,98,0,10,7,0,0.0038673877716064453
91029,3,G31,uniform,16,16,5527.945590959963,24044.72795479981,112,79,0,16,6,0,0.0065555572509765625
91030,3,G31,uniform,15,15,4976.655727160486,21188.278635802435,115,89,0,15,7,0,0.0057675838470458984
91031,3,G31,uniform,13,13,5109.449206125391,21857.246030626964,116,93,0,13,7,0,0.008066892623901367
91032,3,G31,uniform,16,16,5171.0583951402305,22415.291975701144,106,78,0,16,7,0,0.006198883056640625
91033,3,G31,uniform,14,14,4754.895227114356,20564.476135571767,99,77,0,14,7,0,0.0050351619720458984
91034,3,G31,uniform,10,10,4622.997860534497,19269.98930267249,123,104,0,10,7,0,0.003631591796875
91035,3,G31,uniform,15,15,5090.441978149921,22242.209890749607,99,72,0,15,7,0,0.005452871322631836
91036,3,G31,uniform,12,12,4949.9779771834665,21264.889885917342,110,87,0,12,7,0,0.0042116641998291016
91037,3,G31,uniform,15,15,4827.911793004966,20899.55896502483,100,73,0,15,7,0,0.005852699279785156
91038,3,G31,uniform,13,13,5006.1880555440675,21590.940277720343,108,83,0,13,7,0,0.00485682487487793
91039,3,G31,uniform,11,11,4454.524750364396,18627.623751821975,116,94,0,11,7,0,0.00395512580871582
91040,3,G31,uniform,12,12,4662.447547058577,19762.23773529289,112,90,0,12,7,0,0.004706621170043945
91041,3,G31,uniform,11,11,4412.888889498558,18589.444447492784,110,90,0,11,7,0,0.007148265838623047
91042,3,G31,uniform,15,15,4883.411091557701,20877.05545778849,110,83,0,15,7,0,0.006137371063232422
91043,3,G31,uniform,14,14,4957.706122881531,21338.53061440765,107,85,0,14,7,0,0.006205558776855469
91044,3,G31,uniform,12,12,5048.075978267831,21535.379891339155,118,91,0,12,7,0,0.004836082458496094
91045,3,G31,uniform,10,10,4348.179349621134,17975.896748105675,120,103,0,10,7,0,0.0034856796264648438
91046,3,G31,uniform,16,16,5445.193535586377,23740.96767793189,107,82,0,16,7,0,0.0072174072265625
91047,3,G31,uniform,11,11,4488.723988284168,19003.619941420842,109,88,0,11,7,0,0.005868196487426758
91048,3,G31,uniform,16,16,4819.120788057666,21040.60394028832,93,66,0,16,6,0,0.005814075469970703
91049,3,G31,uniform,15,15,4962.904983509658,21439.52491754829,104,80,0,15,7,0,0.005997657775878906
91050,3,G31,uniform,16,16,4379.505381159625,19032.526905798135,86,63,0,16,5,0,0.005475759506225586
91051,3,G31,uniform,16,16,5031.614127972919,21858.07063986459,101,75,0,16,6,0,0.006219625473022461
91052,3,G31,uniform,12,12,4915.022884551162,20875.1144227558,117,95,0,12,7,0,0.004832744598388672
91053,3,G31,uniform,14,14,4898.495339697502,20992.476698487517,109,85,0,14,7,0,0.00489497184753418
91054,3,G31,uniform,13,13,4629.740841578128,19878.70420789063,102,79,0,13,7,0,0.004418373107910156
91055,3,G31,uniform,10,10,4266.061188580378,17355.305942901905,127,110,0,10,7,0,0.0031948089599609375
91056,3,G31,uniform,16,16,4865.951427470596,21234.75713735298,94,69,0,16,6,0,0.006134033203125
91057,3,G31,uniform,13,13,4930.232062927986,20876.160314639925,119,95,0,13,7,0,0.0046651363372802734
91058,3,G31,uniform,10,10,4940.870278158367,20834.351390791828,124,104,0,10,7,0,0.0034415721893310547
91059,3,G31,uniform,16,16,4630.626783975582,20013.133919877917,96,68,0,16,6,0,0.006193637847900391
91060,3,G31,uniform,14,14,4981.644216703707,21273.221083518532,114,87,0,14,7,0,0.005132436752319336
91061,3,G31,uniform,14,14,4545.585831084458,19222.92915542229,108,91,0,14,7,0,0.004471302032470703
91062,3,G31,uniform,15,15,4940.0572303730405,20965.286151865203,116,92,0,15,7,0,0.005368947982788086
91063,3,G31,uniform,10,10,4630.070222994725,19255.35111497362,125,104,0,10,7,0,0.003554821014404297
91064,3,G31,uniform,14,14,5110.8834956063565,21734.417478031773,120,94,0,14,7,0,0.005171537399291992
91065,3,G31,uniform,11,11,4763.752851777766,20103.764258888812,118,98,0,11,7,0,0.003965854644775391
91066,3,G31,uniform,15,15,4878.932316237529,21284.661581187644,95,72,0,15,7,0,0.0067272186279296875
91067,3,G31,uniform,13,13,4809.021548377285,20625.107741886426,107,84,0,13,7,0,0.0044100284576416016
91068,3,G31,uniform,14,14,5155.543840976153,22192.719204880766,112,87,0,14,7,0,0.00491786003112793
91069,3,G31,uniform,15,15,5289.475414509972,22912.377072549876,110,82,0,15,7,0,0.006376981735229492
91070,3,G31,uniform,14,14,4988.67266116282,21363.363305814106,112,86,0,14,7,0,0.0053102970123291016
91071,3,G31,uniform,13,13,4738.966109165667,20204.83054582834,110,83,0,13,7,0,0.004899024963378906
91072,3,G31,uniform,12,12,4819.587094673059,20397.9354733653,117,95,0,12,7,0,0.004794120788574219
91073,3,G31,uniform,10,10,4535.873562240127,19104.367811200646,114,95,0,10,7,0,0.003816366195678711
91074,3,G31,uniform,11,11,4810.557248674747,20352.786243373732,118,95,0,11,7,0,0.004004955291748047
91075,3,G31,uniform,14,14,4820.330953947898,20796.65476973948,103,76,0,14,7,0,0.004953622817993164
91076,3,G31,uniform,10,10,4526.995577568364,19034.977887841815,115,95,0,10,7,0,0.003945589065551758
91077,3,G31,uniform,11,11,4627.941193668257,19154.705968341295,127,107,0,11,7,0,0.0039997100830078125
91078,3,G31,uniform,10,10,4770.856415508159,20114.2820775408,120,98,0,10,7,0,0.003796815872192383
91079,3,G31,uniform,11,11,4421.614069228693,18763.07034614346,106,84,0,11,7,0,0.003888368606567383
91080,3,G31,uniform,14,14,4734.956649244407,20624.78324622204,94,70,0,14,7,0,0.00553131103515625
91081,3,G31,uniform,14,14,5261.346964578663,22301.73482289332,126,101,0,14,7,0,0.005204439163208008
91082,3,G31,uniform,15,15,5123.98093733202,22369.904686660102,100,75,0,15,7,0,0.005239725112915039
91083,3,G31,uniform,10,10,4618.082894671611,19300.41447335805,122,98,0,10,7,0,0.004289388656616211
91084,3,G31,uniform,15,15,5532.125468418901,24010.6273420945,114,85,0,15,7,0,0.005829811096191406
91085,3,G31,uniform,10,10,4482.223315992144,18501.116579960722,125,107,0,10,7,0,0.003609895706176758
91086,3,G31,uniform,10,10,3998.105040269382,16645.525201346914,106,89,0,10,7,0,0.0035195350646972656
91087,3,G31,uniform,13,13,5313.81658446302,22994.08292231511,113,85,0,13,7,0,0.009998798370361328
91088,3,G31,uniform,14,14,4592.146154409928,19715.73077204965,100,79,0,14,7,0,0.005431652069091797
91089,3,G31,uniform,11,11,4444.225532727817,18596.12766363908,115,95,0,11,7,0,0.004578828811645508
91090,3,G31,uniform,10,10,4131.29418622121,17171.470931106043,111,92,0,10,7,0,0.0041806697845458984
91091,3,G31,uniform,12,12,4739.705835041067,20028.529175205334,116,94,0,12,7,0,0.0042645931243896484
91092,3,G31,uniform,10,10,4530.583961376973,19137.919806884864,112,93,0,10,7,0,0.0035240650177001953
91093,3,G31,uniform,13,13,4470.831986932766,18909.159934663843,108,84,0,13,7,0,0.006521701812744141
91094,3,G31,uniform,11,11,4507.400562696551,18652.00281348275,124,102,0,11,7,0,0.004735708236694336
91095,3,G31,uniform,16,16,4261.769286057006,18238.846430285033,93,69,0,16,6,0,0.005445003509521484
91096,3,G31,uniform,15,15,5795.024891216237,25560.124456081176,106,78,0,15,7,0,0.005884408950805664
91097,3,G31,uniform,10,10,4439.453087049399,18237.265435246994,127,107,0,10,7,0,0.003711700439453125
91098,3,G31,uniform,11,11,4492.870969792904,18819.354848964533,116,94,0,11,7,0,0.003919124603271484
91099,3,G31,uniform,13,13,4590.498416283545,19522.49208141774,107,86,0,13,7,0,0.004227161407470703
91000,3,G25O,uniform,15,15,4259.340940097574,17611.70470048787,111,107,0,15,7,24,0.009828805923461914
91001,3,G25O,uniform,11,11,4307.389544418628,17606.94772209314,123,116,0,11,7,8,0.004886150360107422
91002,3,G25O,uniform,11,11,3726.4924317174186,15002.4621585871,112,108,1,12,7,16,0.0067596435546875
91003,3,G25O,uniform,10,10,3700.601348439159,14828.006742195794,115,110,0,10,7,14,0.0037386417388916016
91004,3,G25O,uniform,12,12,3907.4685862548527,15737.342931274265,117,112,1,13,7,17,0.00409388542175293
91005,3,G25O,uniform,14,14,4131.148640943598,16775.743204717994,117,115,2,16,7,19,0.004660844802856445
91006,3,G25O,uniform,10,10,3941.089037018101,15890.445185090508,120,113,0,10,7,11,0.004100322723388672
91007,3,G25O,uniform,16,16,4303.547630497889,17682.738152489444,115,109,1,17,7,18,0.0060882568359375
91008,3,G25O,uniform,10,10,3946.09715884062,16005.485794203103,117,110,0,10,7,10,0.0033714771270751953
91009,3,G25O,uniform,16,16,3674.334704899231,15176.673524496158,93,88,2,18,6,21,0.0054395198822021484
91010,3,G25O,uniform,10,10,3834.4694508300677,15397.347254150329,118,115,0,10,7,16,0.0035316944122314453
91011,3,G25O,uniform,14,14,4063.3772102592275,16741.886051296136,108,105,0,14,7,25,0.005032777786254883
91012,3,G25O,uniform,13,13,4037.782979815833,16748.914899079162,104,100,1,14,7,21,0.004538297653198242
91013,3,G25O,uniform,13,13,3942.4621275234445,15982.310637617216,114,111,0,13,7,18,0.005998849868774414
91014,3,G25O,uniform,12,12,4397.33114105859,18281.65570529296,114,111,0,12,7,19,0.0044705867767333984
91015,3,G25O,uniform,14,14,4184.600019541079,17158.000097705393,115,108,0,14,7,19,0.005274534225463867
91016,3,G25O,uniform,14,14,4269.998831105931,17969.994155529654,102,96,0,14,7,22,0.005820751190185547
91017,3,G25O,uniform,12,12,3810.253152835822,15646.265764179112,104,101,0,12,7,22,0.0046710968017578125
91018,3,G25O,uniform,10,10,4051.6584601108148,16493.292300554076,118,113,0,10,7,19,0.006618499755859375
91019,3,G25O,uniform,12,12,4159.10244849652,16955.5122424826,119,113,0,12,7,17,0.0073070526123046875
91020,3,G25O,uniform,13,13,3992.028867345976,16335.14433672987,110,107,1,14,7,19,0.004585742950439453
91021,3,G25O,uniform,12,12,4107.497905019443,16717.489525097215,118,114,0,12,7,21,0.003990650177001953
91022,3,G25O,uniform,14,14,4416.122691511752,18355.61345755876,113,110,0,14,7,16,0.005454301834106445
91023,3,G25O,uniform,12,12,4473.9975787817275,18439.98789390864,122,116,0,12,7,16,0.004694700241088867
91024,3,G25O,uniform,15,15,4309.223589438785,18021.11794719393,106,100,0,15,7,24,0.005582571029663086
91025,3,G25O,uniform,10,10,4115.65856989669,16898.29284948346,115,111,0,10,7,14,0.0035402774810791016
91026,3,G25O,uniform,14,14,4444.060355422207,18535.30177711104,112,107,0,14,7,15,0.0063381195068359375
91027,3,G25O,uniform,16,16,3726.7556439830664,15443.778219915335,93,90,1,17,6,25,0.006140708923339844
91028,3,G25O,uniform,10,10,3879.5737142038547,15627.868571019277,118,111,1,11,7,12,0.0037488937377929688
91029,3,G25O,uniform,16,16,4580.794525379693,19388.97262689847,106,93,0,16,6,14,0.00771784782409668
91030,3,G25O,uniform,15,15,4282.980002105299,17609.900010526493,115,111,0,15,7,21,0.005843400955200195
91031,3,G25O,uniform,13,13,3891.744896417774,15823.72448208886,111,107,0,13,7,15,0.004505634307861328
91032,3,G25O,uniform,16,16,4200.652706398903,17423.263531994522,107,101,0,16,7,19,0.007695913314819336
91033,3,G25O,uniform,14,14,4078.3285492976975,17006.642746488484,102,97,0,14,7,22,0.0051419734954833984
91034,3,G25O,uniform,10,10,3803.1685159588505,15160.842579794251,121,116,0,10,7,12,0.0034630298614501953
91035,3,G25O,uniform,15,15,3895.6590339696863,16213.29516984843,97,93,0,15,7,22,0.006642818450927734
91036,3,G25O,uniform,12,12,4111.597629330825,16967.98814665412,110,108,0,12,7,20,0.004223346710205078
91037,3,G25O,uniform,15,15,4208.3438556020565,17616.719278010285,102,97,1,16,7,24,0.005801200866699219
91038,3,G25O,uniform,13,13,4074.318572531639,16806.592862658195,109,103,0,13,7,22,0.005550861358642578
91039,3,G25O,uniform,11,11,3876.1952976603184,15635.976488301589,116,114,0,11,7,18,0.00396275520324707
91040,3,G25O,uniform,12,12,3667.2414997045153,14781.207498522577,109,106,0,12,7,17,0.004154205322265625
91041,3,G25O,uniform,11,11,3861.3234651455077,15701.617325727539,111,108,1,12,7,19,0.004185199737548828
91042,3,G25O,uniform,15,15,4077.537893387596,16747.689466937987,110,103,0,15,7,21,0.008994579315185547
91043,3,G25O,uniform,14,14,4067.0831671783008,16740.4158358915,109,104,0,14,7,20,0.00593876838684082
91044,3,G25O,uniform,12,12,4195.297892850609,17261.489464253045,115,108,0,12,7,16,0.005151987075805664
91045,3,G25O,uniform,10,10,4070.6732474849127,16498.366237424565,121,116,0,10,7,12,0.0037288665771484375
91046,3,G25O,uniform,16,16,4526.1267560885435,19085.63378044272,105,98,2,18,7,18,0.005942344665527344
91047,3,G25O,uniform,11,11,3912.88850030935,16104.442501546755,106,104,1,12,7,18,0.003912210464477539
91048,3,G25O,uniform,16,16,4023.952833914378,16964.764169571885,93,86,0,16,6,22,0.0064239501953125
91049,3,G25O,uniform,15,15,4558.465037048605,19247.325185243026,107,99,0,15,7,22,0.0056455135345458984
91050,3,G25O,uniform,16,16,3668.9976166121173,15284.988083060593,89,84,1,17,5,19,0.007142305374145508
91051,3,G25O,uniform,16,16,4476.812607345966,19024.063036729818,101,87,0,16,6,11,0.00612187385559082
91052,3,G25O,uniform,12,12,3697.299299200573,14721.49649600286,116,113,0,12,7,18,0.004212379455566406
91053,3,G25O,uniform,14,14,4165.79019741663,17233.950987083153,109,101,1,15,7,18,0.006414651870727539
91054,3,G25O,uniform,13,13,4385.981684896027,18669.90842448013,99,89,1,14,7,13,0.005063295364379883
91055,3,G25O,uniform,10,10,4042.5863104365194,16157.931552182601,128,121,0,10,7,9,0.0036814212799072266
91056,3,G25O,uniform,16,16,3841.34150515972,15941.707525798596,96,93,0,16,6,23,0.00788736343383789
91057,3,G25O,uniform,13,13,4174.166353536902,17075.83176768451,117,109,0,13,7,12,0.004765510559082031
91058,3,G25O,uniform,10,10,4131.090687392835,16690.453436964177,125,118,0,10,7,12,0.0037763118743896484
91059,3,G25O,uniform,16,16,4074.2787721033046,17141.393860516524,95,88,1,17,6,22,0.007553577423095703
91060,3,G25O,uniform,14,14,3876.3269511019816,15706.634755509902,112,105,0,14,7,17,0.005121946334838867
91061,3,G25O,uniform,14,14,4040.1041861797707,16465.52093089886,113,109,1,15,7,18,0.005385875701904297
91062,3,G25O,uniform,15,15,4392.539758302661,18147.69879151331,116,108,0,15,7,17,0.0071828365325927734
91063,3,G25O,uniform,10,10,4340.758818411763,17743.794092058808,125,117,0,10,7,11,0.0035429000854492188
91064,3,G25O,uniform,14,14,4522.934113810221,18674.670569051104,121,113,0,14,7,19,0.0050160884857177734
91065,3,G25O,uniform,11,11,4128.597235725192,16942.986178625964,115,110,0,11,7,13,0.0038144588470458984
91066,3,G25O,uniform,15,15,4096.678344070238,17178.39172035119,98,96,0,15,7,26,0.0063936710357666016
91067,3,G25O,uniform,13,13,4275.753687145299,17813.7684357265,109,103,0,13,7,21,0.0048558712005615234
91068,3,G25O,uniform,14,14,4627.8954232605565,19414.477116302776,114,105,0,14,7,16,0.005881786346435547
91069,3,G25O,uniform,15,15,4268.342005224729,17816.710026123652,105,102,1,16,7,21,0.005900382995605469
91070,3,G25O,uniform,14,14,4390.677044511428,18288.385222557146,111,108,0,14,7,20,0.00554656982421875
91071,3,G25O,uniform,13,13,4006.5355316823843,16472.67765841192,108,104,1,14,7,20,0.005223751068115234
91072,3,G25O,uniform,12,12,4107.91792551278,16734.589627563906,118,111,0,12,7,15,0.004706144332885742
91073,3,G25O,uniform,10,10,3842.2343351785644,15591.171675892821,113,109,0,10,7,14,0.0036046504974365234
91074,3,G25O,uniform,11,11,3947.854356626232,16009.27178313116,116,111,0,11,7,14,0.0038907527923583984
91075,3,G25O,uniform,14,14,3880.4067816981265,16107.033908490632,98,96,1,15,7,22,0.005082368850708008
91076,3,G25O,uniform,10,10,4226.773239304854,17398.866196524268,117,112,0,10,7,15,0.003701448440551758
91077,3,G25O,uniform,11,11,3792.5856726223706,14937.92836311185,125,122,1,12,7,14,0.003623485565185547
91078,3,G25O,uniform,10,10,3848.5127160200886,15442.563580100443,119,115,0,10,7,17,0.0034914016723632812
91079,3,G25O,uniform,11,11,3641.419729343803,14767.098646719009,106,103,0,11,7,19,0.0038716793060302734
91080,3,G25O,uniform,14,14,4149.423400298905,17532.117001494524,96,93,0,14,7,28,0.0048143863677978516
91081,3,G25O,uniform,14,14,4507.551623165282,18517.75811582642,124,114,0,14,7,12,0.005049705505371094
91082,3,G25O,uniform,15,15,4064.522824919103,16962.61412459552,100,97,0,15,7,23,0.005572319030761719
91083,3,G25O,uniform,10,10,3702.3118988234437,14656.55949411722,121,116,0,10,7,16,0.003752470016479492
91084,3,G25O,uniform,15,15,3989.7206729803997,16313.603364901997,109,107,0,15,7,21,0.005473613739013672
91085,3,G25O,uniform,10,10,3982.958313791102,15974.791568955505,124,118,0,10,7,8,0.0036592483520507812
91086,3,G25O,uniform,10,10,3539.8426312825777,14159.21315641289,110,108,0,10,7,20,0.0035851001739501953
91087,3,G25O,uniform,13,13,4168.394294115886,17351.971470579432,106,103,0,13,7,23,0.004390716552734375
91088,3,G25O,uniform,14,14,3778.5052581937925,15502.526290968963,102,98,0,14,7,21,0.0050466060638427734
91089,3,G25O,uniform,11,11,3823.0677437450913,15415.338718725461,115,110,0,11,7,14,0.00409388542175293
91090,3,G25O,uniform,10,10,3819.2341874604094,15606.17093730205,108,105,1,11,7,16,0.0033156871795654297
91091,3,G25O,uniform,12,12,3710.2575721063176,14831.287860531591,114,111,1,13,7,18,0.004364013671875
91092,3,G25O,uniform,10,10,3956.3933355721415,16131.966677860708,114,110,0,10,7,15,0.003957509994506836
91093,3,G25O,uniform,13,13,3832.529983525482,15677.64991762741,105,101,2,15,7,18,0.005089759826660156
91094,3,G25O,uniform,11,11,3909.6003583002334,15633.001791501163,122,118,0,11,7,15,0.0038895606994628906
91095,3,G25O,uniform,16,16,3432.44926885026,13732.246344251302,102,96,0,16,6,28,0.008844375610351562
91096,3,G25O,uniform,15,15,4515.659522664066,19048.29761332033,106,98,1,16,7,21,0.0063478946685791016
91097,3,G25O,uniform,10,10,4013.471616487181,16082.358082435905,125,119,1,11,7,11,0.004504680633544922
91098,3,G25O,uniform,11,11,3703.7172579197845,14778.586289598927,116,113,0,11,7,17,0.004688262939453125
91099,3,G25O,uniform,13,13,4155.246942060124,17141.23471030061,111,107,0,13,7,18,0.0046885013580322266
91000,4,G31,uniform,15,15,11395.815518095305,45849.07759047653,369,306,0,15,31,0,0.0071294307708740234
91001,4,G31,uniform,11,11,10597.334111550123,41631.670557750615,378,326,0,11,31,0,0.005173683166503906
91002,4,G31,uniform,11,11,11710.374053214347,45706.87026607172,428,374,0,11,31,0,0.0056035518646240234
91003,4,G31,uniform,10,10,10538.206128303213,41036.03064151605,389,336,0,10,31,0,0.00458836555480957
91004,4,G31,uniform,12,12,10387.028299152724,41520.14149576357,345,298,0,12,31,0,0.0060749053955078125
91005,4,G31,uniform,14,14,11230.370761570122,45601.85380785062,350,290,0,14,31,0,0.0068874359130859375
91006,4,G31,uniform,10,10,10885.009089034878,41695.04544517437,424,376,0,10,31,0,0.004958391189575195
91007,4,G31,uniform,16,16,8349.563142239507,32702.815711197545,298,239,0,16,19,0,0.007031679153442383
91008,4,G31,uniform,10,10,10591.722153049124,41023.6107652456,397,352,0,10,31,0,0.004701137542724609
91009,4,G31,uniform,16,16,6943.775820158421,29073.87910079209,181,144,0,16,16,0,0.00761103630065918
91010,4,G31,uniform,10,10,11478.304077881374,44406.52038940688,434,377,0,10,31,0,0.0048635005950927734
91011,4,G31,uniform,14,14,11625.333214340351,46941.666071701744,372,307,0,14,31,0,0.006905317306518555
91012,4,G31,uniform,13,13,11514.349172481207,46981.74586240606,352,293,0,13,31,0,0.006216287612915039
91013,4,G31,uniform,13,13,11167.31967135053,43951.59835675267,395,337,0,13,31,0,0.006072282791137695
91014,4,G31,uniform,12,12,10778.312393029943,42986.56196514971,364,301,0,12,31,0,0.006208896636962891
91015,4,G31,uniform,14,14,11314.885694183873,46999.42847091937,318,255,0,14,31,0,0.006555080413818359
91016,4,G31,uniform,14,14,11077.076910510648,46230.38455255329,306,231,0,14,31,0,0.007424116134643555
91017,4,G31,uniform,12,12,11005.765631049075,44313.82815524536,356,303,0,12,31,0,0.006147623062133789
91018,4,G31,uniform,10,10,10745.814869101372,42054.07434550688,389,340,0,10,31,0,0.005101442337036133
91019,4,G31,uniform,12,12,10811.46223263755,44027.31116318776,333,281,0,12,31,0,0.005162954330444336
91020,4,G31,uniform,13,13,11677.187041571871,46180.93520785938,406,346,0,13,31,0,0.006432533264160156
91021,4,G31,uniform,12,12,11353.676097595662,45363.38048797833,381,316,0,12,31,0,0.0062487125396728516
91022,4,G31,uniform,14,14,10987.593890225318,45722.969451126584,306,243,0,14,31,0,0.005769491195678711
91023,4,G31,uniform,12,12,10901.330382495946,43806.65191247977,356,300,0,12,31,0,0.0053005218505859375
91024,4,G31,uniform,15,15,11525.667593958844,47048.33796979423,352,281,0,15,31,0,0.007195711135864258
91025,4,G31,uniform,10,10,10875.601399286908,42378.00699643452,401,345,0,10,31,0,0.0048291683197021484
91026,4,G31,uniform,14,14,10585.362075926623,43791.8103796331,303,242,0,14,31,0,0.006661891937255859
91027,4,G31,uniform,16,16,10261.403416273506,43072.01708136757,272,207,0,16,27,0,0.007670164108276367
91028,4,G31,uniform,10,10,11000.859570544828,43259.29785272413,391,344,0,10,31,0,0.0050048828125
91029,4,G31,uniform,16,16,10791.321399329005,44121.60699664508,326,257,0,16,27,0,0.007873773574829102
91030,4,G31,uniform,15,15,11012.153780521743,46115.76890260875,295,239,0,15,31,0,0.0063152313232421875
91031,4,G31,uniform,13,13,10682.88115875205,43584.405793760256,326,271,0,13,31,0,0.006210803985595703
91032,4,G31,uniform,16,16,8533.51507329815,34792.575366490746,257,210,0,16,18,0,0.007112741470336914
91033,4,G31,uniform,14,14,11258.338533381544,46536.69266690773,323,266,0,14,31,0,0.007880449295043945
91034,4,G31,uniform,10,10,11168.216406075346,42981.08203037673,429,377,0,10,31,0,0.005441904067993164
91035,4,G31,uniform,15,15,10466.363206693431,44396.816033467134,261,207,0,15,31,0,0.006786346435546875
91036,4,G31,uniform,12,12,10773.077126073049,43345.38563036523,350,294,0,12,31,0,0.005250215530395508
91037,4,G31,uniform,15,15,11939.583971456397,50027.91985728204,324,239,0,15,31,0,0.006714820861816406
91038,4,G31,uniform,13,13,11373.221990768418,45391.10995384213,382,320,0,13,31,0,0.00606536865234375
91039,4,G31,uniform,11,11,11172.527049682676,43852.6352484134,400,347,0,11,31,0,0.005068302154541016
91040,4,G31,uniform,12,12,11245.160191346062,44950.80095673025,375,320,0,12,31,0,0.005223512649536133
91041,4,G31,uniform,11,11,11010.68878116701,43488.44390583504,386,328,0,11,31,0,0.005530357360839844
91042,4,G31,uniform,15,15,11617.806823279434,47439.03411639719,353,290,0,15,31,0,0.010994434356689453
91043,4,G31,uniform,14,14,11703.728040989428,48778.64020494715,324,258,0,14,31,0,0.0064127445220947266
91044,4,G31,uniform,12,12,10604.195649410647,42435.97824705325,352,297,0,12,31,0,0.005124568939208984
91045,4,G31,uniform,10,10,11263.291601366247,44201.45800683124,405,348,0,10,31,0,0.0047152042388916016
91046,4,G31,uniform,16,16,9403.92826277342,38324.64131386712,286,229,0,16,24,0,0.006723165512084961
91047,4,G31,uniform,11,11,11230.053867716257,43945.26933858132,407,351,0,11,31,0,0.0049326419830322266
91048,4,G31,uniform,16,16,8778.820925939921,35599.10462969964,273,214,0,16,19,0,0.006867647171020508
91049,4,G31,uniform,15,15,11394.737828370922,47183.689141854615,325,258,0,15,31,0,0.006530284881591797
91050,4,G31,uniform,16,16,10491.693494605974,44043.46747302987,278,213,0,16,27,0,0.00693821907043457
91051,4,G31,uniform,16,16,7774.778570343227,32678.892851716133,201,154,0,16,17,0,0.0063855648040771484
91052,4,G31,uniform,12,12,11564.44052631707,46352.2026315854,383,319,0,12,31,0,0.005635499954223633
91053,4,G31,uniform,14,14,11219.930024851097,45719.65012425552,343,291,0,14,31,0,0.006127834320068359
91054,4,G31,uniform,13,13,10791.50644328008,43942.53221640038,333,273,0,13,31,0,0.005345582962036133
91055,4,G31,uniform,10,10,11289.371111125058,42711.85555562533,458,407,0,10,31,0,0.004747867584228516
91056,4,G31,uniform,16,16,8399.948046276815,34394.740231384094,251,186,0,16,17,0,0.007399559020996094
91057,4,G31,uniform,13,13,11470.413411652313,45717.06705826156,388,322,0,13,31,0,0.006026029586791992
91058,4,G31,uniform,10,10,11768.264459093945,45396.32229546971,448,399,0,10,31,0,0.004593372344970703
91059,4,G31,uniform,16,16,8415.46712945419,33627.335647270964,279,215,0,16,18,0,0.006586551666259766
91060,4,G31,uniform,14,14,11097.54898343721,46157.74491718605,310,246,0,14,31,0,0.006544589996337891
91061,4,G31,uniform,14,14,11010.076393930163,46045.38196965081,300,231,0,14,31,0,0.006023883819580078
91062,4,G31,uniform,15,15,11012.482284010695,45177.411420053475,326,272,0,15,31,0,0.006435394287109375
91063,4,G31,uniform,10,10,11233.461781651275,43422.3089082564,425,374,0,10,31,0,0.0072214603424072266
91064,4,G31,uniform,14,14,11066.751262922484,45983.756314612445,310,250,0,14,31,0,0.006328105926513672
91065,4,G31,uniform,11,11,11304.838134361064,43569.19067180539,432,376,0,11,31,0,0.005821943283081055
91066,4,G31,uniform,15,15,11459.57368954204,47722.86844771022,319,245,0,15,31,0,0.007590293884277344
91067,4,G31,uniform,13,13,10955.136846652878,44235.684233264445,351,288,0,13,31,0,0.006155967712402344
91068,4,G31,uniform,14,14,11586.771688942354,48228.858444711725,322,261,0,14,31,0,0.006921291351318359
91069,4,G31,uniform,15,15,11475.931459023202,46044.65729511602,375,317,0,15,31,0,0.00672149658203125
91070,4,G31,uniform,14,14,11483.605510486796,46558.02755243399,361,297,0,14,31,0,0.0070705413818359375
91071,4,G31,uniform,13,13,11450.66869190384,45908.3434595192,379,309,0,13,31,0,0.005674839019775391
91072,4,G31,uniform,12,12,11517.077887599042,45815.38943799525,393,329,0,12,31,0,0.005635738372802734
91073,4,G31,uniform,10,10,10850.319952771684,41421.59976385843,427,381,0,10,31,0,0.005430936813354492
91074,4,G31,uniform,11,11,10780.481592676793,42502.40796338396,380,325,0,11,31,0,0.005062103271484375
91075,4,G31,uniform,14,14,10852.81039398242,45834.05196991205,279,221,0,14,31,0,0.0055997371673583984
91076,4,G31,uniform,10,10,11318.68513455351,43978.42567276756,422,363,0,10,31,0,0.005232095718383789
91077,4,G31,uniform,11,11,10923.349506560078,43586.74753280043,368,311,0,11,31,0,0.00518345832824707
91078,4,G31,uniform,10,10,11116.936135513113,42239.68067756557,445,394,0,10,31,0,0.005522489547729492
91079,4,G31,uniform,11,11,11062.483790943557,44307.4189547178,366,316,0,11,31,0,0.005037069320678711
91080,4,G31,uniform,14,14,11330.397669790997,45421.988348955005,374,306,0,14,31,0,0.006394147872924805
91081,4,G31,uniform,14,14,10930.322677612767,45831.61338806384,293,229,0,14,31,0,0.005995750427246094
91082,4,G31,uniform,15,15,11285.961796976671,47649.808984883355,291,226,0,15,31,0,0.007571220397949219
91083,4,G31,uniform,10,10,11063.548362843503,42592.74181421754,424,375,0,10,31,0,0.0048902034759521484
91084,4,G31,uniform,15,15,11514.164006770377,46890.82003385193,354,291,0,15,31,0,0.00701451301574707
91085,4,G31,uniform,10,10,10985.395134646671,42821.97567323338,403,356,0,10,31,0,0.0045261383056640625
91086,4,G31,uniform,10,10,10827.51303686862,42332.56518434313,394,341,0,10,31,0,0.0045680999755859375
91087,4,G31,uniform,13,13,11342.609052991484,46783.045264957465,330,271,0,13,31,0,0.005201101303100586
91088,4,G31,uniform,14,14,10902.379736682607,44686.89868341305,327,260,0,14,31,0,0.007659196853637695
91089,4,G31,uniform,11,11,10989.666619896454,43138.33309948225,395,332,0,11,31,0,0.005528450012207031
91090,4,G31,uniform,10,10,11197.99261566784,43214.96307833917,426,375,0,10,31,0,0.004932880401611328
91091,4,G31,uniform,12,12,11071.380183218764,44376.900916093815,366,306,0,12,31,0,0.005547046661376953
91092,4,G31,uniform,10,10,11114.709774241952,42393.5488712098,440,386,0,10,31,0,0.006166934967041016
91093,4,G31,uniform,13,13,11319.20446785286,45546.02233926434,367,310,0,13,31,0,0.0069522857666015625
91094,4,G31,uniform,11,11,10909.989780620805,43609.94890310404,365,308,0,11,31,0,0.005090236663818359
91095,4,G31,uniform,16,16,9124.858332511394,37159.29166255699,279,218,0,16,23,0,0.007059335708618164
91096,4,G31,uniform,15,15,11342.34512739497,46436.725636974865,340,280,0,15,31,0,0.006855010986328125
91097,4,G31,uniform,10,10,11490.583807250581,44177.919036252926,443,390,0,10,31,0,0.005049943923950195
91098,4,G31,uniform,11,11,11506.670576851262,44608.35288425634,433,365,0,11,31,0,0.0051419734954833984
91099,4,G31,uniform,13,13,11123.281350109894,43996.40675054945,386,329,0,13,31,0,0.005618572235107422
91000,4,G25,uniform,15,15,9107.606893570692,36778.03446785347,289,232,0,15,25,0,0.0075817108154296875
91001,4,G25,uniform,11,11,8121.23361322711,31716.168066135535,295,248,0,11,25,0,0.004515171051025391
91002,4,G25,uniform,11,11,8326.039874327755,31525.19937163876,336,286,0,11,25,0,0.005213737487792969
91003,4,G25,uniform,10,10,7785.076151745695,29465.380758728472,315,267,0,10,25,0,0.004961729049682617
91004,4,G25,uniform,12,12,7986.3814223716945,31401.907111858458,283,231,0,12,25,0,0.005175352096557617
91005,4,G25,uniform,14,14,8341.777814680887,33453.88907340443,274,211,0,14,25,0,0.008114337921142578
91006,4,G25,uniform,10,10,7643.310722516536,28311.5536125827,328,291,0,10,25,0,0.004212856292724609
91007,4,G25,uniform,16,16,7029.63183070099,27593.15915350495,247,196,0,16,18,0,0.00640559196472168
91008,4,G25,uniform,10,10,7248.312909177701,27186.564545888516,300,261,0,10,25,0,0.004148006439208984
91009,4,G25,uniform,16,16,4686.77125776229,19463.856288811447,125,89,0,16,11,0,0.006204843521118164
91010,4,G25,uniform,10,10,7967.556868448943,29412.784342244704,347,300,0,10,25,0,0.0043108463287353516
91011,4,G25,uniform,14,14,8558.191385251397,34625.95692625697,270,213,0,14,25,0,0.0061528682708740234
91012,4,G25,uniform,13,13,8059.402138017877,31647.010690089388,286,235,0,13,25,0,0.004901409149169922
91013,4,G25,uniform,13,13,8221.392693467222,31871.963467336114,307,247,0,13,25,0,0.005362510681152344
91014,4,G25,uniform,12,12,8355.749018898272,32808.745094491365,299,239,0,12,25,0,0.00515294075012207
91015,4,G25,uniform,14,14,8447.871521459037,33934.3576072952,275,216,0,14,25,0,0.006157875061035156
91016,4,G25,uniform,14,14,8938.973313958668,36364.86656979333,275,221,0,14,25,0,0.005660295486450195
91017,4,G25,uniform,12,12,8294.141337000716,31755.706685003584,322,273,0,12,25,0,0.005045175552368164
91018,4,G25,uniform,10,10,8219.236748031568,31016.18374015783,336,286,0,10,25,0,0.0042955875396728516
91019,4,G25,uniform,12,12,7996.2493727334295,31566.24686366714,279,228,0,12,25,0,0.004685163497924805
91020,4,G25,uniform,13,13,8464.953666296798,33324.768331483996,298,245,0,13,25,0,0.005078792572021484
91021,4,G25,uniform,12,12,8695.461702116447,33547.30851058225,331,271,0,12,25,0,0.005182027816772461
91022,4,G25,uniform,14,14,8310.326657366666,33096.63328683332,280,221,0,14,25,0,0.005321502685546875
91023,4,G25,uniform,12,12,8525.270525943079,33181.35262971538,314,259,0,12,25,0,0.004811525344848633
91024,4,G25,uniform,15,15,8808.02940413383,36035.14702066916,266,196,0,15,25,0,0.006707429885864258
91025,4,G25,uniform,10,10,7890.757044457074,30303.78522228537,305,255,0,10,25,0,0.003925800323486328
91026,4,G25,uniform,14,14,7475.816818205448,30769.084091027235,217,167,0,14,25,0,0.005440473556518555
91027,4,G25,uniform,16,16,8279.529378932833,33782.64689466415,251,188,0,16,23,0,0.008101224899291992
91028,4,G25,uniform,10,10,8288.533604119011,31102.668020595058,343,303,0,10,25,0,0.004354953765869141
91029,4,G25,uniform,16,16,7307.715525470341,29473.577627351704,232,173,0,16,18,0,0.00728297233581543
91030,4,G25,uniform,15,15,8646.064131961053,36190.32065980528,232,173,0,15,25,0,0.007175445556640625
91031,4,G25,uniform,13,13,7788.343043654157,30831.715218270783,268,217,0,13,25,0,0.00518035888671875
91032,4,G25,uniform,16,16,5471.4137004837285,22492.06850241863,155,118,0,16,10,0,0.0066831111907958984
91033,4,G25,uniform,14,14,8327.561462352818,33892.807311764096,255,204,0,14,25,0,0.005540132522583008
91034,4,G25,uniform,10,10,8228.48475093232,31472.423754661613,322,274,0,10,25,0,0.00424504280090332
91035,4,G25,uniform,15,15,8310.19129734624,34240.95648673119,240,187,0,15,25,0,0.005969524383544922
91036,4,G25,uniform,12,12,8197.298121934875,31596.490609674365,313,253,0,12,25,0,0.004934072494506836
91037,4,G25,uniform,15,15,8907.49785969434,36267.48929847169,274,209,0,15,25,0,0.0060803890228271484
91038,4,G25,uniform,13,13,9029.155937851903,35265.77968925953,328,271,0,13,25,0,0.00567626953125
91039,4,G25,uniform,11,11,7713.300817366583,29331.504086832927,306,262,0,11,25,0,0.004727602005004883
91040,4,G25,uniform,12,12,8040.1485443979445,31485.742721989744,288,243,0,12,25,0,0.0049686431884765625
91041,4,G25,uniform,11,11,8309.735347654585,32028.676738272916,317,264,0,11,25,0,0.005440235137939453
91042,4,G25,uniform,15,15,8186.650966823191,33758.25483411595,235,185,0,15,25,0,0.008473634719848633
91043,4,G25,uniform,14,14,8472.82400790512,34824.12003952562,249,193,0,14,25,0,0.009469747543334961
91044,4,G25,uniform,12,12,7900.421427973388,30512.10713986694,298,248,0,12,25,0,0.005563259124755859
91045,4,G25,uniform,10,10,8433.575735558523,32192.878677792625,331,290,0,10,25,0,0.004340171813964844
91046,4,G25,uniform,16,16,8234.771115551208,33468.85557775606,253,196,0,16,23,0,0.0065402984619140625
91047,4,G25,uniform,11,11,8038.038887130345,30730.19443565172,316,257,0,11,25,0,0.004583835601806641
91048,4,G25,uniform,16,16,8455.542050533084,34357.71025266541,263,189,0,16,23,0,0.006607532501220703
91049,4,G25,uniform,15,15,8997.861127944532,36859.305639722654,269,206,0,15,25,0,0.006670713424682617
91050,4,G25,uniform,16,16,6411.636755666767,25873.183778333834,201,152,0,16,14,0,0.006658315658569336
91051,4,G25,uniform,16,16,7575.982176396022,31569.910881980148,206,152,0,16,20,0,0.006218671798706055
91052,4,G25,uniform,12,12,8719.819454958943,33239.09727479472,344,292,0,12,25,0,0.00556635856628418
91053,4,G25,uniform,14,14,8121.276447343906,32451.382236719524,268,221,0,14,25,0,0.005816221237182617
91054,4,G25,uniform,13,13,7826.9812366241795,31404.906183120907,255,206,0,13,25,0,0.005071878433227539
91055,4,G25,uniform,10,10,8948.673811279985,32498.369056399923,408,359,0,10,25,0,0.0051822662353515625
91056,4,G25,uniform,16,16,8427.409345119668,33772.04672559835,276,213,0,16,23,0,0.006601572036743164
91057,4,G25,uniform,13,13,8359.414997310281,32592.074986551408,306,246,0,13,25,0,0.005979776382446289
91058,4,G25,uniform,10,10,8543.678824848219,32278.394124241095,347,303,0,10,25,0,0.004393339157104492
91059,4,G25,uniform,16,16,8263.717790202938,33268.58895101468,266,200,0,16,20,0,0.007475376129150391
91060,4,G25,uniform,14,14,8320.586011723533,33142.93005861768,280,222,0,14,25,0,0.006348133087158203
91061,4,G25,uniform,14,14,8505.618147050813,34458.09073525407,266,214,0,14,25,0,0.006008148193359375
91062,4,G25,uniform,15,15,8363.71786049579,34378.58930247893,245,188,0,15,25,0,0.006726741790771484
91063,4,G25,uniform,10,10,8573.216069030093,32031.08034515047,361,312,0,10,25,0,0.0056116580963134766
91064,4,G25,uniform,14,14,8278.459883758162,33397.299418790804,264,209,0,14,25,0,0.007189750671386719
91065,4,G25,uniform,11,11,8512.364468088834,31356.82234044417,373,321,0,11,25,0,0.006159543991088867
91066,4,G25,uniform,15,15,8451.559415863,34387.79707931504,259,204,0,15,25,0,0.01034688949584961
91067,4,G25,uniform,13,13,8190.651418047718,32453.2570902386,281,230,0,13,25,0,0.007985830307006836
91068,4,G25,uniform,14,14,8967.425668948543,35437.128344742705,312,250,0,14,25,0,0.0070836544036865234
91069,4,G25,uniform,15,15,8239.212220537273,33446.06110268636,256,195,0,15,25,0,0.00899195671081543
91070,4,G25,uniform,14,14,8654.03630941278,34310.181547063876,297,237,0,14,25,0,0.008066654205322266
91071,4,G25,uniform,13,13,8836.480617877589,33982.40308938796,340,275,0,13,25,0,0.009147882461547852
91072,4,G25,uniform,12,12,8680.395769001685,32891.978845008416,350,292,0,12,25,0,0.007623910903930664
91073,4,G25,uniform,10,10,8143.209083454535,30491.045417272664,340,295,0,10,25,0,0.00580143928527832
91074,4,G25,uniform,11,11,7937.160650008405,30685.803250042027,299,250,0,11,25,0,0.005852460861206055
91075,4,G25,uniform,14,14,8147.513816266276,33377.56908133139,242,192,0,14,25,0,0.006330251693725586
91076,4,G25,uniform,10,10,8010.908737079515,30379.543685397584,322,275,0,10,25,0,0.004500627517700195
91077,4,G25,uniform,11,11,7925.946494834186,30104.73247417094,317,265,0,11,25,0,0.00783991813659668
91078,4,G25,uniform,10,10,7987.921609331443,29719.608046657195,341,289,0,10,25,0,0.004946470260620117
91079,4,G25,uniform,11,11,8190.334564422762,31686.6728221138,308,258,0,11,25,0,0.004902362823486328
91080,4,G25,uniform,14,14,8510.093535746273,33580.46767873139,298,234,0,14,25,0,0.0062105655670166016
91081,4,G25,uniform,14,14,8499.27122321622,33456.35611608109,300,238,0,14,25,0,0.0066034793853759766
91082,4,G25,uniform,15,15,9009.338170194678,37286.690850973406,257,192,0,15,25,0,0.00728607177734375
91083,4,G25,uniform,10,10,7636.248070232478,28766.240351162385,312,273,0,10,25,0,0.005307674407958984
91084,4,G25,uniform,15,15,8720.372103030608,35906.860515153036,254,194,0,15,25,0,0.00681304931640625
91085,4,G25,uniform,10,10,7721.878546737031,29109.392733685163,316,270,0,10,25,0,0.0056667327880859375
91086,4,G25,uniform,10,10,8336.817561619004,32129.087808095028,318,271,0,10,25,0,0.006063699722290039
91087,4,G25,uniform,13,13,8034.124186858778,31110.6209342939,299,252,0,13,25,0,0.0057718753814697266
91088,4,G25,uniform,14,14,8245.10224444507,33220.51122222534,265,206,0,14,25,0,0.008006572723388672
91089,4,G25,uniform,11,11,8316.629124107783,31168.145620538908,347,293,0,11,25,0,0.00665736198425293
91090,4,G25,uniform,10,10,8201.017953114118,30180.089765570596,360,315,0,10,25,0,0.0054399967193603516
91091,4,G25,uniform,12,12,8244.633126429957,32678.165632149805,283,234,0,12,25,0,0.005166292190551758
91092,4,G25,uniform,10,10,8502.370703182602,32026.853515913008,352,287,0,10,25,0,0.00490260124206543
91093,4,G25,uniform,13,13,8431.184941433763,33635.9247071688,282,229,0,13,25,0,0.006438255310058594
91094,4,G25,uniform,11,11,7881.329695763551,31031.648478817748,278,230,0,11,25,0,0.00450587272644043
91095,4,G25,uniform,16,16,8278.877540886087,33174.38770443043,270,214,0,16,24,0,0.0069122314453125
91096,4,G25,uniform,15,15,8085.458764940431,32687.29382470216,255,198,0,15,25,0,0.007175922393798828
91097,4,G25,uniform,10,10,8632.058078752058,32230.2903937603,365,311,0,10,25,0,0.004988670349121094
91098,4,G25,uniform,11,11,8312.54100401871,32072.705020093563,317,258,0,11,25,0,0.004761934280395508
91099,4,G25,uniform,13,13,8485.930105166139,32134.650525830722,341,289,0,13,25,0,0.006383657455444336
91000,4,G25O,uniform,15,15,7833.734729137312,29778.673645686566,303,288,0,15,25,45,0.008833169937133789
91001,4,G25O,uniform,11,11,7205.603119221728,26748.015596108653,302,291,0,11,25,38,0.007432699203491211
91002,4,G25O,uniform,11,11,7727.418399843705,28162.091999218508,343,325,0,11,25,28,0.006546497344970703
91003,4,G25O,uniform,10,10,7000.418776544343,25122.09388272172,323,311,0,10,25,39,0.005833148956298828
91004,4,G25O,uniform,12,12,7064.501196610693,26507.505983053477,285,278,0,12,25,38,0.006375312805175781
91005,4,G25O,uniform,14,14,7488.739654916926,28918.698274584644,275,260,0,14,25,39,0.007913351058959961
91006,4,G25O,uniform,10,10,7414.594446212313,26802.972231061565,336,324,0,10,25,25,0.005945444107055664
91007,4,G25O,uniform,16,16,5872.17022041256,21715.851102062796,243,234,0,16,18,38,0.006798505783081055
91008,4,G25O,uniform,10,10,6661.17981765972,23810.89908829861,310,299,0,10,25,32,0.005743503570556641
91009,4,G25O,uniform,16,16,4023.9083021149436,16119.54151057472,121,115,0,16,11,28,0.009777545928955078
91010,4,G25O,uniform,10,10,7412.913733380634,26414.56866690318,349,335,0,10,25,27,0.00972127914428711
91011,4,G25O,uniform,14,14,7101.733902943825,27248.669514719135,266,252,0,14,25,40,0.008533716201782227
91012,4,G25O,uniform,13,13,7259.263590203397,27321.317951016998,290,280,0,13,25,41,0.007261514663696289
91013,4,G25O,uniform,13,13,7100.66283357232,26328.314167861598,297,285,0,13,25,35,0.007187604904174805
91014,4,G25O,uniform,12,12,6883.045948692503,25440.229743462525,291,280,0,12,25,36,0.00605320930480957
91015,4,G25O,uniform,14,14,7222.21694346282,27961.084717314116,262,250,0,14,25,32,0.007915735244750977
91016,4,G25O,uniform,14,14,7361.803417032386,28239.01708516193,276,264,0,14,25,36,0.007493019104003906
91017,4,G25O,uniform,12,12,7312.54522557356,26637.726127867798,323,310,0,12,25,32,0.007715940475463867
91018,4,G25O,uniform,10,10,7305.714422321654,26438.57211160828,330,318,0,10,25,28,0.006015300750732422
91019,4,G25O,uniform,12,12,7353.93545387193,28279.67726935966,274,268,0,12,25,31,0.007147550582885742
91020,4,G25O,uniform,13,13,7339.484505517238,27482.422527586197,298,288,0,13,25,34,0.008541345596313477
91021,4,G25O,uniform,12,12,7422.324763924971,27096.62381962487,325,318,0,12,25,37,0.00654292106628418
91022,4,G25O,uniform,14,14,7253.743452350271,27848.717261751357,271,259,0,14,25,33,0.008264303207397461
91023,4,G25O,uniform,12,12,7590.02612598273,28425.13062991365,310,295,0,12,25,30,0.006259441375732422
91024,4,G25O,uniform,15,15,6969.522183758246,26892.610918791233,254,246,0,15,25,43,0.009143829345703125
91025,4,G25O,uniform,10,10,7008.732353659505,25248.661768297523,320,309,0,10,25,46,0.0060312747955322266
91026,4,G25O,uniform,14,14,7003.7096281666745,27748.54814083338,232,224,0,14,25,51,0.007743120193481445
91027,4,G25O,uniform,16,16,7212.400893386348,28237.004466931747,250,235,0,16,23,41,0.008397817611694336
91028,4,G25O,uniform,10,10,7425.019899645054,26585.099498225263,345,333,0,10,25,24,0.006738424301147461
91029,4,G25O,uniform,16,16,6214.755676564268,23798.778382821343,232,215,0,16,18,35,0.009178638458251953
91030,4,G25O,uniform,15,15,7162.720348421139,28553.601742105697,231,222,0,15,25,42,0.011167049407958984
91031,4,G25O,uniform,13,13,6949.709007476937,26443.54503738469,268,256,0,13,25,33,0.008461952209472656
91032,4,G25O,uniform,16,16,4850.633057338379,19318.16528669189,154,137,0,16,10,17,0.0068492889404296875
91033,4,G25O,uniform,14,14,7316.809733591498,28314.048667957493,265,259,0,14,25,45,0.007875204086303711
91034,4,G25O,uniform,10,10,7431.755931022615,26938.77965511308,334,324,0,10,25,38,0.0072553157806396484
91035,4,G25O,uniform,15,15,7347.763686232066,28758.81843116035,256,241,0,15,25,45,0.00915074348449707
91036,4,G25O,uniform,12,12,7208.123891795229,26730.619458976144,302,292,0,12,25,32,0.005997657775878906
91037,4,G25O,uniform,15,15,7673.197815388324,29975.989076941598,269,258,0,15,25,39,0.007599592208862305
91038,4,G25O,uniform,13,13,7947.876749762235,29699.38374881119,325,318,0,13,25,34,0.009197711944580078
91039,4,G25O,uniform,11,11,7277.843046606489,26784.215233032457,313,301,0,11,25,31,0.007222414016723633
91040,4,G25O,uniform,12,12,7038.6001719386795,26148.0008596934,293,284,0,12,25,35,0.007009983062744141
91041,4,G25O,uniform,11,11,7090.2306000666085,25931.15300033305,310,299,0,11,25,30,0.006045341491699219
91042,4,G25O,uniform,15,15,7078.04504746429,27955.225237321458,237,227,0,15,25,41,0.008307695388793945
91043,4,G25O,uniform,14,14,7521.0670134818765,29630.335067409396,256,245,0,14,25,44,0.007967472076416016
91044,4,G25O,uniform,12,12,7310.423355179707,27507.116775898536,293,284,0,12,25,30,0.0070111751556396484
91045,4,G25O,uniform,10,10,7444.243728502257,26986.218642511278,334,327,0,10,25,29,0.005657672882080078
91046,4,G25O,uniform,16,16,6630.118093579976,25080.590467899892,258,244,0,16,23,42,0.008818387985229492
91047,4,G25O,uniform,11,11,6939.587759056815,25227.93879528408,308,299,0,11,25,34,0.005795001983642578
91048,4,G25O,uniform,16,16,7029.496691239052,26942.483456195274,262,251,0,16,23,53,0.011328458786010742
91049,4,G25O,uniform,15,15,7647.767491844587,30133.83745922295,259,251,0,15,25,40,0.008275985717773438
91050,4,G25O,uniform,16,16,5361.51884081257,20252.59420406284,207,196,0,16,14,39,0.00782918930053711
91051,4,G25O,uniform,16,16,6498.107888194579,25935.53944097289,207,196,0,16,20,40,0.00886392593383789
91052,4,G25O,uniform,12,12,7863.698946091038,28663.494730455182,347,336,0,12,25,34,0.006886959075927734
91053,4,G25O,uniform,14,14,7489.923803149087,28669.619015745433,282,276,0,14,25,45,0.008159637451171875
91054,4,G25O,uniform,13,13,6975.351913261639,26776.759566308203,261,250,0,13,25,38,0.007631540298461914
91055,4,G25O,uniform,10,10,8111.934440399484,28169.672201997408,408,388,0,10,25,20,0.005365610122680664
91056,4,G25O,uniform,16,16,7193.630296851832,27448.151484259168,273,259,0,16,23,39,0.009891510009765625
91057,4,G25O,uniform,13,13,7359.061317914917,27250.306589574582,310,294,0,13,25,40,0.007819652557373047
91058,4,G25O,uniform,10,10,7448.15160159478,26515.758007973905,350,345,0,10,25,28,0.006499767303466797
91059,4,G25O,uniform,16,16,6690.712243213311,25168.561216066537,266,247,0,16,20,43,0.008394479751586914
91060,4,G25O,uniform,14,14,7356.272746386325,28321.363731931626,272,262,0,14,25,36,0.00777888298034668
91061,4,G25O,uniform,14,14,7386.759045696133,28383.795228480667,274,267,1,15,25,43,0.007746696472167969
91062,4,G25O,uniform,15,15,7305.808849006681,28739.04424503341,248,243,0,15,25,50,0.00783228874206543
91063,4,G25O,uniform,10,10,7685.877754064717,27599.38877032358,355,341,0,10,25,25,0.005332469940185547
91064,4,G25O,uniform,14,14,7045.042065534644,27030.210327673238,263,254,0,14,25,40,0.007147789001464844
91065,4,G25O,uniform,11,11,7791.4799032156,27782.39951607801,366,350,0,11,25,22,0.005295991897583008
91066,4,G25O,uniform,15,15,7267.848607424997,28269.243037124987,258,249,0,15,25,40,0.007714748382568359
91067,4,G25O,uniform,13,13,7150.941234300936,26979.706171504677,283,272,1,14,25,38,0.008003711700439453
91068,4,G25O,uniform,14,14,7341.998552536891,27609.992762684462,293,285,0,14,25,31,0.009586095809936523
91069,4,G25O,uniform,15,15,6985.306442994486,26896.532214972423,256,251,0,15,25,48,0.009924173355102539
91070,4,G25O,uniform,14,14,7510.2720846561515,28156.360423280763,304,289,0,14,25,45,0.00773310661315918
91071,4,G25O,uniform,13,13,7949.478406353869,29452.392031769345,335,319,0,13,25,32,0.008795022964477539
91072,4,G25O,uniform,12,12,7807.160627903099,28500.8031395155,345,322,0,12,25,22,0.006266117095947266
91073,4,G25O,uniform,10,10,7340.302538651508,26216.512693257548,343,332,0,10,25,29,0.005465269088745117
91074,4,G25O,uniform,11,11,7218.543813983617,26922.71906991809,298,289,0,11,25,33,0.006212949752807617
91075,4,G25O,uniform,14,14,7375.2169905498595,28856.084952749312,257,249,0,14,25,50,0.007851123809814453
91076,4,G25O,uniform,10,10,7626.354384726059,27751.77192363031,339,331,0,10,25,38,0.008476018905639648
91077,4,G25O,uniform,11,11,7247.737808692286,26568.689043461432,316,299,0,11,25,28,0.0060346126556396484
91078,4,G25O,uniform,10,10,7142.23449363122,25511.172468156103,334,320,0,10,25,26,0.0057222843170166016
91079,4,G25O,uniform,11,11,7359.251852798245,27281.259263991233,310,298,0,11,25,33,0.006118297576904297
91080,4,G25O,uniform,14,14,7602.081404157647,28885.407020788236,295,280,0,14,25,38,0.007696866989135742
91081,4,G25O,uniform,14,14,7292.724985240069,27298.624926200348,295,288,0,14,25,42,0.007417440414428711
91082,4,G25O,uniform,15,15,7727.786306632561,30648.9315331628,256,243,0,15,25,44,0.007912158966064453
91083,4,G25O,uniform,10,10,7001.611217029761,25308.056085148808,317,305,0,10,25,26,0.0070667266845703125
91084,4,G25O,uniform,15,15,7622.204731939299,30341.023659696493,248,239,0,15,25,38,0.00785207748413086
91085,4,G25O,uniform,10,10,7227.650361346252,26343.251806731267,319,314,0,10,25,34,0.008274555206298828
91086,4,G25O,uniform,10,10,7583.000018664946,28160.000093324736,318,311,0,10,25,30,0.006934404373168945
91087,4,G25O,uniform,13,13,7372.562443744615,27472.812218723077,304,293,0,13,25,32,0.008541345596313477
91088,4,G25O,uniform,14,14,7035.418517138011,26632.09258569006,276,259,0,14,25,48,0.007092714309692383
91089,4,G25O,uniform,11,11,7453.038550714316,26730.192753571584,344,332,0,11,25,29,0.005558490753173828
91090,4,G25O,uniform,10,10,7449.7087900091965,26458.543950045983,353,343,0,10,25,22,0.00513768196105957
91091,4,G25O,uniform,12,12,7289.5003512682515,27752.50175634126,281,274,0,12,25,34,0.0060465335845947266
91092,4,G25O,uniform,10,10,7712.697380177699,27823.486900888503,352,338,0,10,25,38,0.006485700607299805
91093,4,G25O,uniform,13,13,7330.229769249758,27971.148846248776,280,271,0,13,25,36,0.006857872009277344
91094,4,G25O,uniform,11,11,6748.075684680298,25235.378423401493,276,266,0,11,25,32,0.00594019889831543
91095,4,G25O,uniform,16,16,7440.564324795324,28397.821623976623,282,271,0,16,24,49,0.009308338165283203
91096,4,G25O,uniform,15,15,7300.9281279576135,28309.640639788067,263,249,0,15,25,45,0.008166074752807617
91097,4,G25O,uniform,10,10,7621.406028040175,26932.030140200884,366,355,0,10,25,31,0.006743431091308594
91098,4,G25O,uniform,11,11,7221.8613753151585,26184.306876575807,323,315,0,11,25,44,0.006140470504760742
91099,4,G25O,uniform,13,13,8272.419014759169,30607.095073795852,351,331,0,13,25,29,0.006994962692260742
91000,3,G31,edge,15,15,5214.959184063225,21649.79592031613,139,115,0,15,7,0,0.005217075347900391
91001,3,G31,edge,11,11,4831.207553411768,19836.037767058842,138,119,0,11,7,0,0.003612995147705078
91002,3,G31,edge,11,11,4767.859653585981,19999.29826792991,122,103,0,11,7,0,0.004792928695678711
91003,3,G31,edge,10,10,4221.847438056963,16969.237190284814,133,113,0,10,7,0,0.003400087356567383
91004,3,G31,edge,12,12,4477.224117909746,18316.120589548722,129,109,0,12,7,0,0.003906965255737305
91005,3,G31,edge,14,14,5066.378964221532,21051.894821107653,135,111,0,14,7,0,0.004887104034423828
91006,3,G31,edge,10,10,4430.756469882097,18033.782349410496,132,114,0,10,7,0,0.004538059234619141
91007,3,G31,edge,16,16,4940.261392512678,20366.306962563398,136,107,0,16,7,0,0.006424427032470703
91008,3,G31,edge,10,10,4678.419536454952,19207.09768227476,134,117,0,10,7,0,0.0031328201293945312
91009,3,G31,edge,16,16,5374.474838896303,22557.37419448151,135,108,0,16,7,0,0.005682229995727539
91010,3,G31,edge,10,10,4341.054206955922,17620.27103477961,131,112,0,10,7,0,0.0033745765686035156
91011,3,G31,edge,14,14,4836.22563264275,19961.128163213747,133,109,0,14,7,0,0.0055959224700927734
91012,3,G31,edge,13,13,4573.271603227363,18686.35801613681,132,111,0,13,7,0,0.004708528518676758
91013,3,G31,edge,13,13,4950.965794856414,20289.828974282067,142,118,0,13,7,0,0.00467681884765625
91014,3,G31,edge,12,12,4251.2480683615895,16691.24034180795,145,128,0,12,7,0,0.004073143005371094
91015,3,G31,edge,14,14,4956.182208645614,20590.91104322808,132,108,0,14,7,0,0.00491642951965332
91016,3,G31,edge,14,14,4864.144709298683,20160.723546493413,131,107,0,14,7,0,0.0052416324615478516
91017,3,G31,edge,12,12,4652.758377855924,19283.79188927963,126,106,0,12,7,0,0.003946065902709961
91018,3,G31,edge,10,10,4634.727221634085,18908.63610817042,137,118,0,10,7,0,0.003821134567260742
91019,3,G31,edge,12,12,4667.133881602007,18715.66940801003,148,124,0,12,7,0,0.0042841434478759766
91020,3,G31,edge,13,13,4641.64999834039,18688.249991701934,143,124,0,13,7,0,0.00407099723815918
91021,3,G31,edge,12,12,4558.828577526966,18814.142887634833,126,106,0,12,7,0,0.003689289093017578
91022,3,G31,edge,14,14,4776.692637132121,19658.4631856606,133,110,0,14,7,0,0.00507664680480957
91023,3,G31,edge,12,12,4454.431389079205,17727.15694539603,145,124,0,12,7,0,0.003978729248046875
91024,3,G31,edge,15,15,4824.011312266266,20005.056561331316,129,103,0,15,7,0,0.004927158355712891
91025,3,G31,edge,10,10,4718.714069931347,19388.570349656733,135,116,0,10,7,0,0.0032782554626464844
91026,3,G31,edge,14,14,4830.017709570031,19810.08854785016,137,113,0,14,7,0,0.00691676139831543
91027,3,G31,edge,16,16,5175.35012613698,21536.7506306849,136,108,0,16,7,0,0.006197452545166016
91028,3,G31,edge,10,10,4522.47643754907,18557.382187745352,130,111,0,10,7,0,0.0035305023193359375
91029,3,G31,edge,16,16,5006.63185826569,20588.159291328444,139,114,0,16,7,0,0.006062746047973633
91030,3,G31,edge,15,15,4917.954231861165,20164.771159305827,139,115,0,15,7,0,0.0054128170013427734
91031,3,G31,edge,13,13,4876.026376748122,20155.131883740607,134,110,0,13,7,0,0.004408597946166992
91032,3,G31,edge,16,16,5289.7170626743955,22348.585313371972,128,100,0,16,7,0,0.00838160514831543
91033,3,G31,edge,14,14,5171.3494837851895,21736.747418925937,130,104,0,14,7,0,0.004833698272705078
91034,3,G31,edge,10,10,4710.129871688028,19155.649358440143,141,124,0,10,7,0,0.003158092498779297
91035,3,G31,edge,15,15,4785.024366369948,19675.121831849734,133,110,0,15,7,0,0.0064737796783447266
91036,3,G31,edge,12,12,4659.077021648173,18940.385108240873,139,116,0,12,7,0,0.004245281219482422
91037,3,G31,edge,15,15,5273.810936629429,21804.054683147162,144,118,0,15,7,0,0.0051116943359375
91038,3,G31,edge,13,13,4889.049252871641,20180.246264358204,135,113,0,13,7,0,0.0052683353424072266
91039,3,G31,edge,11,11,4715.568315544093,19422.841577720465,133,111,0,11,7,0,0.0037276744842529297
91040,3,G31,edge,12,12,5056.845186637269,21084.225933186342,134,110,0,12,7,0,0.003995180130004883
91041,3,G31,edge,11,11,4543.914977930938,18679.574889654683,129,108,0,11,7,0,0.0035305023193359375
91042,3,G31,edge,15,15,5223.964616426239,22029.82308213119,128,103,0,15,7,0,0.005784034729003906
91043,3,G31,edge,14,14,5052.158947452402,21035.794737262004,133,110,0,14,7,0,0.004892826080322266
91044,3,G31,edge,12,12,4291.769846151626,17568.84923075812,123,103,0,12,7,0,0.0038962364196777344
91045,3,G31,edge,10,10,4545.695323228344,18483.476616141717,136,119,0,10,7,0,0.0031585693359375
91046,3,G31,edge,16,16,5002.493503958288,20987.46751979145,125,100,0,16,7,0,0.006474733352661133
91047,3,G31,edge,11,11,4665.96867383036,19174.843369151808,133,111,0,11,7,0,0.003892183303833008
91048,3,G31,edge,16,16,4673.599960194629,19372.999800973143,123,104,0,16,7,0,0.006052732467651367
91049,3,G31,edge,15,15,5395.836150947791,22564.18075473897,139,113,0,15,7,0,0.006367921829223633
91050,3,G31,edge,16,16,5211.20432238093,21951.021611904638,128,101,0,16,7,0,0.0054819583892822266
91051,3,G31,edge,16,16,4887.729929482337,20288.649647411698,130,100,0,16,7,0,0.005573272705078125
91052,3,G31,edge,12,12,4952.175758962491,20230.878794812455,145,121,0,12,7,0,0.0044324398040771484
91053,3,G31,edge,14,14,4981.819748420589,20964.098742102942,124,99,0,14,7,0,0.004912614822387695
91054,3,G31,edge,13,13,4899.358685534294,20231.793427671473,135,113,0,13,7,0,0.004448413848876953
91055,3,G31,edge,10,10,4394.827369298689,17904.13684649343,131,109,0,10,7,0,0.0033338069915771484
91056,3,G31,edge,16,16,5496.991448786056,22994.957243930286,141,113,0,16,7,0,0.005721330642700195
91057,3,G31,edge,13,13,4526.923302477637,18114.616512388187,143,124,0,13,7,0,0.004234790802001953
91058,3,G31,edge,10,10,4883.866194468888,19914.33097234444,145,126,0,10,7,0,0.003361225128173828
91059,3,G31,edge,16,16,5518.902086989335,22934.510434946675,147,117,0,16,7,0,0.00555729866027832
91060,3,G31,edge,14,14,5005.807489955265,20564.03744977634,141,118,0,14,7,0,0.0045435428619384766
91061,3,G31,edge,14,14,4675.077781719175,19000.388908595884,138,115,0,14,7,0,0.004534721374511719
91062,3,G31,edge,15,15,4933.69004745264,20783.450237263194,121,97,0,15,7,0,0.0048100948333740234
91063,3,G31,edge,10,10,4216.908206912757,16839.54103456378,136,119,0,10,7,0,0.003373384475708008
91064,3,G31,edge,14,14,4731.1704135384125,19340.852067692056,136,113,0,14,7,0,0.004682779312133789
91065,3,G31,edge,11,11,4367.711959579738,17833.55979789869,128,106,0,11,7,0,0.0038313865661621094
91066,3,G31,edge,15,15,5063.487668155668,21317.438340778328,125,100,0,15,7,0,0.005067110061645508
91067,3,G31,edge,13,13,5055.4624599967165,20847.312299983576,141,116,0,13,7,0,0.0045588016510009766
91068,3,G31,edge,14,14,4764.430591812732,19667.152959063653,131,106,0,14,7,0,0.0049746036529541016
91069,3,G31,edge,15,15,4912.334067212183,20356.670336060914,132,106,0,15,7,0,0.005148172378540039
91070,3,G31,edge,14,14,4840.11175871233,20255.558793561653,124,99,0,14,7,0,0.0047533512115478516
91071,3,G31,edge,13,13,5039.743497992459,21003.717489962288,133,109,0,13,7,0,0.0043871402740478516
91072,3,G31,edge,12,12,4360.807535285836,17884.03767642917,124,104,0,12,7,0,0.0037682056427001953
91073,3,G31,edge,10,10,4675.7586410527165,18873.793205263584,145,126,0,10,7,0,0.003393411636352539
91074,3,G31,edge,11,11,4415.483040959654,18042.41520479828,129,107,0,11,7,0,0.004561424255371094
91075,3,G31,edge,14,14,4835.240652923204,20101.20326461602,128,105,0,14,7,0,0.006765842437744141
91076,3,G31,edge,10,10,4689.5379386634095,19187.689693317054,137,117,0,10,7,0,0.003288745880126953
91077,3,G31,edge,11,11,4659.742882414882,18713.71441207441,147,127,0,11,7,0,0.003659486770629883
91078,3,G31,edge,10,10,4483.9732530473775,18249.86626523689,134,114,0,10,7,0,0.0036134719848632812
91079,3,G31,edge,11,11,4787.4270139152195,19627.135069576092,138,117,0,11,7,0,0.003816843032836914
91080,3,G31,edge,14,14,5032.631077947027,20778.155389735144,139,112,0,14,7,0,0.004894733428955078
91081,3,G31,edge,14,14,4642.457948146919,19167.28974073459,127,104,0,14,7,0,0.004475831985473633
91082,3,G31,edge,15,15,5107.803889404147,21219.01944702074,136,109,0,15,7,0,0.005218505859375
91083,3,G31,edge,10,10,4437.663356688767,18138.316783443825,130,110,0,10,7,0,0.0033614635467529297
91084,3,G31,edge,15,15,5130.918724500545,21539.59362250274,129,103,0,15,7,0,0.0050008296966552734
91085,3,G31,edge,10,10,4443.028034757735,18255.140173788677,127,107,0,10,7,0,0.003287076950073242
91086,3,G31,edge,10,10,4460.315296075405,18176.576480377025,133,110,0,10,7,0,0.003730297088623047
91087,3,G31,edge,13,13,4452.726683490086,18228.633417450423,127,107,0,13,7,0,0.004370927810668945
91088,3,G31,edge,14,14,4917.584987530559,20602.92493765281,125,102,0,14,7,0,0.0044863224029541016
91089,3,G31,edge,11,11,4497.081314779957,18325.406573899785,133,112,0,11,7,0,0.0035805702209472656
91090,3,G31,edge,10,10,4863.524863501382,19937.624317506903,141,121,0,10,7,0,0.004714250564575195
91091,3,G31,edge,12,12,4820.2293610988445,19756.146805494223,138,119,0,12,7,0,0.004036664962768555
91092,3,G31,edge,10,10,4496.946014546324,18179.73007273162,138,121,0,10,7,0,0.003453969955444336
91093,3,G31,edge,13,13,4895.911460980889,20069.557304904443,140,117,0,13,7,0,0.004273414611816406
91094,3,G31,edge,11,11,4884.073267165964,20240.366335829825,134,111,0,11,7,0,0.004244089126586914
91095,3,G31,edge,16,16,4821.872462038407,19944.362310192042,130,103,0,16,7,0,0.0057451725006103516
91096,3,G31,edge,15,15,5102.045596510339,21485.227982551693,126,100,0,15,7,0,0.00496983528137207
91097,3,G31,edge,10,10,4523.147088672032,18315.735443360165,138,120,0,10,7,0,0.0035238265991210938
91098,3,G31,edge,11,11,4780.2791339433825,19571.395669716905,139,116,0,11,7,0,0.0048253536224365234
91099,3,G31,edge,13,13,4866.359511163246,20056.79755581624,136,110,0,13,7,0,0.004773139953613281
91000,3,G25O,edge,15,15,5114.67916978971,21163.395848948556,138,117,0,15,7,1,0.005373477935791016
91001,3,G25O,edge,11,11,4810.850595585708,19729.25297792855,138,120,0,11,7,1,0.003997325897216797
91002,3,G25O,edge,11,11,4385.6965874891075,18058.482937445548,122,109,0,11,7,5,0.0036878585815429688
91003,3,G25O,edge,10,10,4234.847438056963,16969.237190284814,135,116,0,10,7,2,0.0036025047302246094
91004,3,G25O,edge,12,12,4497.224117909746,18316.120589548722,132,114,0,12,7,3,0.004362583160400391
91005,3,G25O,edge,14,14,4881.262411101867,20066.312055509323,136,118,0,14,7,5,0.005017757415771484
91006,3,G25O,edge,10,10,4442.917830276632,18019.589151383167,134,119,0,10,7,3,0.003582477569580078
91007,3,G25O,edge,16,16,4859.679760502846,19853.39880251424,139,114,0,16,7,5,0.005970001220703125
91008,3,G25O,edge,10,10,4485.5019838239405,18162.509919119704,136,123,0,10,7,5,0.0033507347106933594
91009,3,G25O,edge,16,16,5230.016197631229,21665.08098815614,140,117,0,16,7,7,0.009772062301635742
91010,3,G25O,edge,10,10,4292.041196307184,17305.20598153592,132,121,0,10,7,5,0.004150390625
91011,3,G25O,edge,14,14,4640.277983719289,18916.38991859645,134,117,0,14,7,6,0.005766153335571289
91012,3,G25O,edge,13,13,4498.842719011159,18204.21359505579,135,118,0,13,7,6,0.004690408706665039
91013,3,G25O,edge,13,13,4831.183357628114,19635.916788140577,143,124,0,13,7,5,0.004804372787475586
91014,3,G25O,edge,12,12,4062.643282455053,15698.216412275267,146,133,0,12,7,4,0.00394749641418457
91015,3,G25O,edge,14,14,4863.795541120373,20018.97770560188,135,115,0,14,7,5,0.005767107009887695
91016,3,G25O,edge,14,14,4722.819512932815,19334.097564664073,134,116,0,14,7,6,0.0050966739654541016
91017,3,G25O,edge,12,12,4678.758377855924,19283.79188927963,130,112,0,12,7,4,0.004342317581176758
91018,3,G25O,edge,10,10,4370.189973677906,17520.94986838953,138,126,0,10,7,4,0.0037839412689208984
91019,3,G25O,edge,12,12,4367.231949714312,17226.15974857156,147,127,0,12,7,3,0.004122257232666016
91020,3,G25O,edge,13,13,4452.154819774948,17680.774098874732,144,131,0,13,7,5,0.004245758056640625
91021,3,G25O,edge,12,12,4429.80178632284,18024.008931614204,130,115,0,12,7,7,0.004071474075317383
91022,3,G25O,edge,14,14,4814.692637132121,19658.4631856606,139,118,0,14,7,6,0.004976511001586914
91023,3,G25O,edge,12,12,4277.193497481746,16845.96748740874,144,128,0,12,7,2,0.0039920806884765625
91024,3,G25O,edge,15,15,4728.347763767857,19421.738818839276,131,114,0,15,7,6,0.005180835723876953
91025,3,G25O,edge,10,10,4450.728182580745,18038.640912903724,134,123,0,10,7,5,0.0033311843872070312
91026,3,G25O,edge,14,14,4715.373645620824,19121.868228104126,140,121,0,14,7,5,0.00488734245300293
91027,3,G25O,edge,16,16,5081.633808803557,20958.169044017784,139,115,0,16,7,4,0.005818367004394531
91028,3,G25O,edge,10,10,4562.024014330295,18585.12007165148,135,120,0,10,7,6,0.0035278797149658203
91029,3,G25O,edge,16,16,4993.990852303408,20449.95426151703,141,119,0,16,7,3,0.00571441650390625
91030,3,G25O,edge,15,15,4824.728655192375,19493.64327596188,145,126,0,15,7,8,0.00659489631652832
91031,3,G25O,edge,13,13,4733.038949658447,19435.194748292226,133,116,0,13,7,5,0.004574775695800781
91032,3,G25O,edge,16,16,4885.065629160005,20230.328145800017,130,109,0,16,7,8,0.0061550140380859375
91033,3,G25O,edge,14,14,5210.349483785189,21736.747418925937,136,113,0,14,7,6,0.0071713924407958984
91034,3,G25O,edge,10,10,4287.382745894421,17016.913729472108,141,129,0,10,7,5,0.0034210681915283203
91035,3,G25O,edge,15,15,4627.841354770069,18739.206773850336,137,120,0,15,7,8,0.005799293518066406
91036,3,G25O,edge,12,12,4394.581719867777,17592.90859933889,139,121,0,12,7,3,0.004456043243408203
91037,3,G25O,edge,15,15,5167.001322486325,21165.006612431644,147,124,0,15,7,5,0.005389690399169922
91038,3,G25O,edge,13,13,4673.756868143291,19078.78434071646,135,118,0,13,7,4,0.004404783248901367
91039,3,G25O,edge,11,11,4585.593851074007,18657.96925537004,136,119,0,11,7,5,0.004511594772338867
91040,3,G25O,edge,12,12,4800.328178992846,19806.640894964225,133,114,0,12,7,3,0.004436016082763672
91041,3,G25O,edge,11,11,4569.240851143709,18636.204255718538,134,117,0,11,7,6,0.003982067108154297
91042,3,G25O,edge,15,15,5063.150667531221,21110.753337656108,131,111,0,15,7,6,0.0056836605072021484
91043,3,G25O,edge,14,14,5015.187610030863,20745.938050154284,136,116,0,14,7,5,0.00528264045715332
91044,3,G25O,edge,12,12,4158.685710402073,16838.428552010362,124,111,0,12,7,6,0.00414276123046875
91045,3,G25O,edge,10,10,4545.695323228344,18483.476616141717,136,119,0,10,7,0,0.0034215450286865234
91046,3,G25O,edge,16,16,4571.067133446032,18855.33566723017,123,105,0,16,7,4,0.00605320930480957
91047,3,G25O,edge,11,11,4587.831148446683,18644.155742233426,137,119,0,11,7,7,0.004189014434814453
91048,3,G25O,edge,16,16,4630.110828329776,19055.554141648885,126,109,0,16,7,5,0.005637407302856445
91049,3,G25O,edge,15,15,4962.543239311173,20287.716196555866,141,125,0,15,7,8,0.006330013275146484
91050,3,G25O,edge,16,16,4742.136219438236,19585.681097191176,127,110,0,16,7,7,0.00590825080871582
91051,3,G25O,edge,16,16,4831.989456969311,19924.947284846552,132,107,0,16,7,4,0.006776094436645508
91052,3,G25O,edge,12,12,4972.175758962491,20230.878794812455,148,126,0,12,7,3,0.006170988082885742
91053,3,G25O,edge,14,14,4857.43774060904,20207.188703045184,128,106,0,14,7,6,0.00818014144897461
91054,3,G25O,edge,13,13,4809.507947714997,19702.539738574993,137,119,0,13,7,6,0.005706310272216797
91055,3,G25O,edge,10,10,4420.827369298689,17904.13684649343,135,115,0,10,7,4,0.0040340423583984375
91056,3,G25O,edge,16,16,5048.442753311112,20737.21376655557,140,121,0,16,7,5,0.0057582855224609375
91057,3,G25O,edge,13,13,4545.137417777167,18115.68708888584,146,127,0,13,7,3,0.004567623138427734
91058,3,G25O,edge,10,10,4889.866194468888,19914.33097234444,146,127,0,10,7,1,0.0035076141357421875
91059,3,G25O,edge,16,16,4715.860833153158,18969.304165765785,143,127,0,16,7,7,0.005572319030761719
91060,3,G25O,edge,14,14,4902.93211815989,19939.660590799464,144,125,0,14,7,5,0.004877328872680664
91061,3,G25O,edge,14,14,4210.914862123066,16649.574310615328,138,121,0,14,7,5,0.007523059844970703
91062,3,G25O,edge,15,15,4772.097055761464,19935.485278807315,121,105,0,15,7,6,0.005505084991455078
91063,3,G25O,edge,10,10,4229.908206912757,16839.54103456378,138,122,0,10,7,2,0.003647327423095703
91064,3,G25O,edge,14,14,4259.0476449883845,16965.23822494192,135,121,0,14,7,6,0.004950046539306641
91065,3,G25O,edge,11,11,4302.829647719246,17394.148238596237,131,114,0,11,7,5,0.004093647003173828
91066,3,G25O,edge,15,15,4973.927060046072,20764.63530023035,128,106,0,15,7,5,0.0055696964263916016
91067,3,G25O,edge,13,13,4964.528319448033,20232.64159724016,146,123,0,13,7,6,0.004925251007080078
91068,3,G25O,edge,14,14,4653.231363590299,18991.156817951498,134,115,0,14,7,6,0.0075299739837646484
91069,3,G25O,edge,15,15,4952.334067212182,20356.670336060914,138,116,0,15,7,6,0.006025791168212891
91070,3,G25O,edge,14,14,4417.576233588882,18102.881167944408,124,107,0,14,7,7,0.005580902099609375
91071,3,G25O,edge,13,13,4699.504707629263,19232.523538146314,134,118,0,13,7,6,0.004805564880371094
91072,3,G25O,edge,12,12,4285.970047413356,17359.85023706678,128,114,0,12,7,6,0.0048253536224365234
91073,3,G25O,edge,10,10,4687.656875051985,18888.284375259922,146,130,0,10,7,3,0.0035686492919921875
91074,3,G25O,edge,11,11,4269.332062331682,17231.660311658412,131,113,0,11,7,4,0.0054454803466796875
91075,3,G25O,edge,14,14,4705.037507802344,19345.18753901172,131,111,0,14,7,5,0.00520777702331543
91076,3,G25O,edge,10,10,4695.8806032725215,19139.403016362612,139,123,0,10,7,4,0.0035283565521240234
91077,3,G25O,edge,11,11,4689.742882414882,18713.71441207441,152,132,0,11,7,5,0.005078792572021484
91078,3,G25O,edge,10,10,4488.860572487765,18254.30286243883,134,118,0,10,7,2,0.003528118133544922
91079,3,G25O,edge,11,11,4812.42701391522,19627.135069576092,142,122,0,11,7,4,0.003941774368286133
91080,3,G25O,edge,14,14,5025.130028717642,20570.65014358822,144,121,0,14,7,6,0.00522160530090332
91081,3,G25O,edge,14,14,4632.198792977123,18995.993964885623,130,113,0,14,7,5,0.005091190338134766
91082,3,G25O,edge,15,15,4940.130192663029,20380.65096331515,135,114,0,15,7,3,0.008133172988891602
91083,3,G25O,edge,10,10,4425.2510030339145,18056.255015169565,130,114,0,10,7,2,0.003637552261352539
91084,3,G25O,edge,15,15,4876.84036050251,20094.20180251256,134,113,0,15,7,9,0.006472349166870117
91085,3,G25O,edge,10,10,4308.17273210134,17520.8636605067,128,114,0,10,7,5,0.003759622573852539
91086,3,G25O,edge,10,10,4322.516737893944,17397.583689469717,135,118,0,10,7,5,0.0037505626678466797
91087,3,G25O,edge,13,13,4434.119045560361,18095.59522780181,128,110,0,13,7,3,0.0046160221099853516
91088,3,G25O,edge,14,14,4594.737920559559,18983.68960279777,124,108,0,14,7,5,0.004834175109863281
91089,3,G25O,edge,11,11,4384.324930018635,17711.624650093174,134,117,0,11,7,3,0.0038466453552246094
91090,3,G25O,edge,10,10,4733.572614874477,19172.863074372377,144,129,0,10,7,5,0.0034682750701904297
91091,3,G25O,edge,12,12,4572.169509123908,18400.84754561954,141,127,0,12,7,6,0.003973722457885742
91092,3,G25O,edge,10,10,4364.451971760824,17432.259858804122,140,128,0,10,7,5,0.004696846008300781
91093,3,G25O,edge,13,13,4639.317890834681,18716.5894541734,141,126,0,13,7,5,0.004587411880493164
91094,3,G25O,edge,11,11,4566.338963839983,18686.69481919991,131,119,0,11,7,6,0.0038895606994628906
91095,3,G25O,edge,16,16,4553.89162751253,18579.45813756266,130,108,0,16,7,4,0.007277250289916992
91096,3,G25O,edge,15,15,4894.467973733316,20232.33986866657,132,113,0,15,7,9,0.006867885589599609
91097,3,G25O,edge,10,10,4492.667817404092,18088.339087020464,140,125,0,10,7,3,0.003351926803588867
91098,3,G25O,edge,11,11,4321.842121162751,17229.210605813754,139,126,0,11,7,6,0.00509333610534668
91099,3,G25O,edge,13,13,4613.043312251091,18715.216561255456,137,120,0,13,7,8,0.0048198699951171875
91000,4,G31,edge,15,15,13255.102646518102,50500.51323259056,530,430,0,15,31,0,0.0071527957916259766
91001,4,G31,edge,11,11,12536.362092828382,45891.81046414197,564,483,0,11,31,0,0.006217479705810547
91002,4,G31,edge,11,11,12189.46737049815,45307.33685249077,526,443,0,11,31,0,0.005891084671020508
91003,4,G31,edge,10,10,11992.421015878794,43582.10507939398,550,476,0,10,31,0,0.0050830841064453125
91004,4,G31,edge,12,12,12482.271169549904,47011.35584774952,519,425,0,12,31,0,0.007265567779541016
91005,4,G31,edge,14,14,12954.840266127778,48489.201330638934,547,452,0,14,31,0,0.007361650466918945
91006,4,G31,edge,10,10,11838.662240590384,44013.31120295192,509,441,0,10,31,0,0.005515336990356445
91007,4,G31,edge,16,16,11974.472802698654,46562.364013493265,447,347,0,16,28,0,0.015585184097290039
91008,4,G31,edge,10,10,11863.909574237437,43769.54787118726,522,450,0,10,31,0,0.007150173187255859
91009,4,G31,edge,16,16,12085.539508313748,45517.69754156877,500,399,1,17,28,0,0.010834455490112305
91010,4,G31,edge,10,10,11919.173125972666,44480.86562986332,507,438,0,10,31,0,0.007002592086791992
91011,4,G31,edge,14,14,12547.338925292495,47311.69462646248,516,435,0,14,31,0,0.008248567581176758
91012,4,G31,edge,13,13,11453.990046759214,44514.95023379604,429,341,0,13,31,0,0.006370067596435547
91013,4,G31,edge,13,13,12386.182676388067,45930.91338194039,538,445,0,13,31,0,0.006684064865112305
91014,4,G31,edge,12,12,11626.525494045958,42467.627470229796,524,453,0,12,31,0,0.005737781524658203
91015,4,G31,edge,14,14,12518.655203067492,48713.27601533747,467,371,0,14,31,0,0.00670313835144043
91016,4,G31,edge,14,14,11891.1243007281,45695.62150364049,460,382,0,14,31,0,0.006608009338378906
91017,4,G31,edge,12,12,12973.782841655311,48718.91420827654,543,455,0,12,31,0,0.006021261215209961
91018,4,G31,edge,10,10,11679.377355169474,44076.886775847386,481,409,0,10,31,0,0.005072116851806641
91019,4,G31,edge,12,12,12044.764127467693,45023.82063733848,511,425,0,12,31,0,0.005940675735473633
91020,4,G31,edge,13,13,12294.249298782148,45041.24649391074,551,466,0,13,31,0,0.007812023162841797
91021,4,G31,edge,12,12,12184.835651992462,44454.17825996234,551,479,0,12,31,0,0.005875825881958008
91022,4,G31,edge,14,14,12873.827988774074,49034.13994387042,514,427,0,14,31,0,0.007231473922729492
91023,4,G31,edge,12,12,11843.977650656572,44619.88825328287,491,405,0,12,31,0,0.005966663360595703
91024,4,G31,edge,15,15,12876.558362493566,49612.79181246784,497,394,0,15,31,0,0.008196353912353516
91025,4,G31,edge,10,10,11708.014758949945,43000.07379474975,521,453,0,10,31,0,0.005141735076904297
91026,4,G31,edge,14,14,12367.52352126258,48092.61760631292,462,369,0,14,31,0,0.006605625152587891
91027,4,G31,edge,16,16,11918.826958846763,45794.13479423379,463,365,0,16,28,0,0.008325576782226562
91028,4,G31,edge,10,10,12583.560806429161,45602.804032145825,583,498,0,10,31,0,0.00608062744140625
91029,4,G31,edge,16,16,12336.46671495671,47612.33357478359,471,379,0,16,30,0,0.007837533950805664
91030,4,G31,edge,15,15,12449.176423394592,47260.88211697305,502,412,0,15,31,0,0.009492635726928711
91031,4,G31,edge,13,13,12668.676917426594,47983.38458713299,517,422,0,13,31,0,0.009357690811157227
91032,4,G31,edge,16,16,12861.78643731317,47563.93218656582,561,464,0,16,30,0,0.008956432342529297
91033,4,G31,edge,14,14,12263.678224566293,46313.39112283148,504,411,0,14,31,0,0.007157802581787109
91034,4,G31,edge,10,10,11826.761675063595,44123.80837531801,503,437,0,10,31,0,0.004845142364501953
91035,4,G31,edge,15,15,11865.481373799723,45922.40686899869,449,361,0,15,31,0,0.006727933883666992
91036,4,G31,edge,12,12,11873.805560974733,45884.027804873724,455,362,0,12,31,0,0.00608515739440918
91037,4,G31,edge,15,15,12558.082019609012,47455.41009804509,513,427,0,15,31,0,0.007216930389404297
91038,4,G31,edge,13,13,12174.075699576288,45560.37849788146,512,437,0,13,31,0,0.008397340774536133
91039,4,G31,edge,11,11,12106.955749439388,45074.778747196964,519,442,0,11,31,0,0.00608372688293457
91040,4,G31,edge,12,12,12293.08639177906,45880.4319588953,524,437,0,12,31,0,0.006290435791015625
91041,4,G31,edge,11,11,11636.625446791802,43748.127233959,484,412,0,11,31,0,0.005623817443847656
91042,4,G31,edge,15,15,12614.815958083822,47939.07979041912,507,417,0,15,31,0,0.0072786808013916016
91043,4,G31,edge,14,14,13268.043176512132,49105.2158825607,579,482,0,14,31,0,0.008260488510131836
91044,4,G31,edge,12,12,11460.554676461765,43642.773382308835,459,377,0,12,31,0,0.005657672882080078
91045,4,G31,edge,10,10,12040.80687932281,44819.03439661406,519,432,0,10,31,0,0.005515098571777344
91046,4,G31,edge,16,16,13098.695779293219,49048.47889646609,551,454,0,16,30,0,0.008988618850708008
91047,4,G31,edge,11,11,11610.620932257103,44278.10466128551,463,385,0,11,31,0,0.005560636520385742
91048,4,G31,edge,16,16,12175.478950830802,46187.394754154004,493,393,0,16,28,0,0.008545398712158203
91049,4,G31,edge,15,15,12029.536014230696,46157.6800711535,470,373,0,15,31,0,0.0073986053466796875
91050,4,G31,edge,16,16,12446.205505475264,47091.02752737635,508,408,0,16,30,0,0.008485078811645508
91051,4,G31,edge,16,16,11845.453977219257,45457.269886096285,463,359,0,16,28,0,0.008673667907714844
91052,4,G31,edge,12,12,11869.41708468913,44407.08542344567,501,423,0,12,31,0,0.006262063980102539
91053,4,G31,edge,14,14,12632.619234425354,47913.09617212677,513,415,0,14,31,0,0.006785869598388672
91054,4,G31,edge,13,13,12298.644301443854,47018.22150721928,486,400,0,13,31,0,0.006279945373535156
91055,4,G31,edge,10,10,12136.379291044488,45126.89645522244,523,446,0,10,31,0,0.0066890716552734375
91056,4,G31,edge,16,16,11370.994474703653,43284.97237351824,455,359,0,16,28,0,0.007629871368408203
91057,4,G31,edge,13,13,11515.107038270202,45380.53519135103,407,339,0,13,31,0,0.005912303924560547
91058,4,G31,edge,10,10,12021.565462739514,43687.82731369759,551,479,0,10,31,0,0.0049707889556884766
91059,4,G31,edge,16,16,11715.190057221283,45255.95028610647,445,359,0,16,30,0,0.007520198822021484
91060,4,G31,edge,14,14,11618.483691993075,44952.41845996541,441,353,0,14,31,0,0.0069010257720947266
91061,4,G31,edge,14,14,11729.738887814847,45283.69443907425,449,358,0,14,31,0,0.006442546844482422
91062,4,G31,edge,15,15,12469.043110734316,48620.21555367156,462,360,0,15,31,0,0.007394313812255859
91063,4,G31,edge,10,10,11268.799587951458,42538.99793975737,462,401,0,10,31,0,0.004683256149291992
91064,4,G31,edge,14,14,12468.37887963304,47241.89439816526,507,415,0,14,31,0,0.006555318832397461
91065,4,G31,edge,11,11,12035.10695988512,44680.534799425586,521,439,0,11,31,0,0.006014108657836914
91066,4,G31,edge,15,15,13448.17822960684,50510.8911480342,563,456,0,15,31,0,0.007743358612060547
91067,4,G31,edge,13,13,11937.953376060568,44789.7668803029,499,420,0,13,31,0,0.0073549747467041016
91068,4,G31,edge,14,14,11906.223544551325,46836.117722756644,425,344,0,14,31,0,0.00638890266418457
91069,4,G31,edge,15,15,12520.508253563621,50052.541267818124,421,330,0,15,31,0,0.006982088088989258
91070,4,G31,edge,14,14,11891.11038187659,45955.55190938298,453,365,0,14,31,0,0.007889032363891602
91071,4,G31,edge,13,13,11790.874951476877,45549.37475738438,449,371,0,13,31,0,0.0059740543365478516
91072,4,G31,edge,12,12,11789.69841216522,45358.49206082612,455,383,0,12,31,0,0.007634878158569336
91073,4,G31,edge,10,10,11915.929832881937,44144.6491644097,520,437,0,10,31,0,0.0064089298248291016
91074,4,G31,edge,11,11,11824.662414148985,43608.31207074492,521,443,0,11,31,0,0.005826711654663086
91075,4,G31,edge,14,14,12090.410605402087,47052.053027010435,450,360,0,14,31,0,0.008378267288208008
91076,4,G31,edge,10,10,12199.483156002085,44387.41578001044,559,477,0,10,31,0,0.005285978317260742
91077,4,G31,edge,11,11,12547.374223434608,45541.871117173076,578,494,0,11,31,0,0.006399631500244141
91078,4,G31,edge,10,10,12384.03560244736,45970.17801223681,538,450,0,10,31,0,0.0053327083587646484
91079,4,G31,edge,11,11,11923.498643530836,44517.493217654206,507,430,0,11,31,0,0.0054779052734375
91080,4,G31,edge,14,14,12223.961503123224,46829.807515616165,479,393,0,14,31,0,0.006834268569946289
91081,4,G31,edge,14,14,12570.81484707757,48244.0742353879,490,402,0,14,31,0,0.006781101226806641
91082,4,G31,edge,15,15,12221.8777875034,47034.388937517,470,390,0,15,31,0,0.006989002227783203
91083,4,G31,edge,10,10,12011.67503999091,44018.37519995456,539,463,0,10,31,0,0.005665302276611328
91084,4,G31,edge,15,15,12444.931934852953,46274.65967426481,534,445,0,15,31,0,0.006942272186279297
91085,4,G31,edge,10,10,11572.243433614189,42611.21716807093,511,445,0,10,31,0,0.00670170783996582
91086,4,G31,edge,10,10,11554.696243721277,43193.48121860644,491,411,0,10,31,0,0.004979133605957031
91087,4,G31,edge,13,13,12432.62123088009,47208.10615440046,504,406,0,13,31,0,0.006462574005126953
91088,4,G31,edge,14,14,12713.165850749781,47890.82925374891,526,435,0,14,31,0,0.007471799850463867
91089,4,G31,edge,11,11,12040.253316729568,45881.26658364788,480,409,0,11,31,0,0.005560636520385742
91090,4,G31,edge,10,10,12434.798744918133,45358.993724590706,566,483,0,10,31,0,0.006053924560546875
91091,4,G31,edge,12,12,12593.815847160944,47354.07923580468,525,438,0,12,31,0,0.0061492919921875
91092,4,G31,edge,10,10,11693.45032434419,42937.25162172098,521,451,0,10,31,0,0.005171298980712891
91093,4,G31,edge,13,13,11658.84861514433,44664.24307572165,455,386,0,13,31,0,0.006295204162597656
91094,4,G31,edge,11,11,11776.701101345474,44063.50550672735,496,429,0,11,31,0,0.005262613296508789
91095,4,G31,edge,16,16,11697.522900915055,45982.614504575264,422,311,0,16,28,0,0.007370710372924805
91096,4,G31,edge,15,15,12563.122548567044,47935.61274283526,497,416,0,15,31,0,0.007795095443725586
91097,4,G31,edge,10,10,11712.736315100125,43233.68157550064,515,441,0,10,31,0,0.005300045013427734
91098,4,G31,edge,11,11,11571.503343739201,44322.516718696,455,377,0,11,31,0,0.005097389221191406
91099,4,G31,edge,13,13,12189.754067262207,45828.770336311034,507,424,0,13,31,0,0.006674766540527344
91000,4,G25,edge,15,15,10712.477405205325,38742.387026026656,498,399,0,15,25,0,0.007345676422119141
91001,4,G25,edge,11,11,9885.787348157655,34693.93674078834,494,422,0,11,25,0,0.0066258907318115234
91002,4,G25,edge,11,11,9555.563132897245,32757.81566448622,504,429,0,11,25,0,0.005247592926025391
91003,4,G25,edge,10,10,9212.698355547498,31183.49177773752,499,431,0,10,25,0,0.004837512969970703
91004,4,G25,edge,12,12,10066.870809822925,34739.35404911464,524,439,0,12,25,0,0.006193399429321289
91005,4,G25,edge,14,14,10783.839678722858,39554.1983936143,483,388,0,14,25,0,0.008435487747192383
91006,4,G25,edge,10,10,9558.410192789965,32512.050963949827,513,441,0,10,25,0,0.006432056427001953
91007,4,G25,edge,16,16,9951.785355067552,35508.926775337764,477,385,0,16,24,0,0.007692098617553711
91008,4,G25,edge,10,10,9570.66565574052,33468.32827870262,483,412,0,10,25,0,0.004734992980957031
91009,4,G25,edge,16,16,10959.717204038003,39193.58602019001,526,411,0,16,25,0,0.008497476577758789
91010,4,G25,edge,10,10,9938.795285579285,34358.97642789646,517,432,0,10,25,0,0.005583763122558594
91011,4,G25,edge,14,14,10011.58964482224,35527.94822411123,486,406,0,14,25,0,0.006958723068237305
91012,4,G25,edge,13,13,9669.774346461938,33833.8717323097,487,403,0,13,25,0,0.006060123443603516
91013,4,G25,edge,13,13,9929.073101402584,35525.36550701292,473,394,0,13,25,0,0.005974531173706055
91014,4,G25,edge,12,12,9722.240337831408,34901.201689157024,459,387,0,12,25,0,0.005805015563964844
91015,4,G25,edge,14,14,10498.282498978864,38036.41249489433,484,401,0,14,25,0,0.006472587585449219
91016,4,G25,edge,14,14,9787.689300615277,34183.446503076404,495,406,0,14,25,0,0.006735086441040039
91017,4,G25,edge,12,12,9904.31342463195,34006.56712315976,520,443,0,12,25,0,0.005806684494018555
91018,4,G25,edge,10,10,9364.8554956026,31844.277478012988,503,431,0,10,25,0,0.00486302375793457
91019,4,G25,edge,12,12,10245.137196921007,36470.685984605065,497,406,0,12,25,0,0.00569915771484375
91020,4,G25,edge,13,13,10050.71172760928,36488.558638046416,461,383,0,13,25,0,0.006196498870849609
91021,4,G25,edge,12,12,9837.220259243251,34456.10129621625,494,416,0,12,25,0,0.005682229995727539
91022,4,G25,edge,14,14,10517.922457763309,37979.61228881655,491,397,0,14,25,0,0.006587028503417969
91023,4,G25,edge,12,12,9483.393112388074,33241.96556194041,476,395,0,12,25,0,0.005960941314697266
91024,4,G25,edge,15,15,10533.016452759435,37925.08226379718,494,403,0,15,25,0,0.006991147994995117
91025,4,G25,edge,10,10,10141.566444033222,35577.83222016612,510,426,0,10,25,0,0.005461454391479492
91026,4,G25,edge,14,14,10608.272413532393,38006.362067662005,505,412,0,14,25,0,0.0068171024322509766
91027,4,G25,edge,16,16,10813.975901726424,38939.879508632155,509,401,0,16,25,0,0.007628202438354492
91028,4,G25,edge,10,10,9792.65794571836,33873.28972859181,507,433,0,10,25,0,0.005236387252807617
91029,4,G25,edge,16,16,10063.65196343793,36213.25981718967,471,386,0,16,25,0,0.00714421272277832
91030,4,G25,edge,15,15,10057.37413799781,36331.870689989046,466,386,0,15,25,0,0.0076122283935546875
91031,4,G25,edge,13,13,10371.706633390926,37153.533166954614,494,406,0,13,25,0,0.006144523620605469
91032,4,G25,edge,16,16,11345.465724464513,42657.32862232256,473,369,0,16,25,0,0.008220672607421875
91033,4,G25,edge,14,14,9849.744728152733,34318.72364076367,500,416,0,14,25,0,0.006531715393066406
91034,4,G25,edge,10,10,9549.748439109118,33093.742195545616,492,421,0,10,25,0,0.00481104850769043
91035,4,G25,edge,15,15,9817.959607068457,33934.798035342275,509,411,0,15,25,0,0.009042024612426758
91036,4,G25,edge,12,12,9666.654992899672,33228.27496449841,508,421,0,12,25,0,0.005599498748779297
91037,4,G25,edge,15,15,10251.47210237303,37667.360511865154,454,373,0,15,25,0,0.007966279983520508
91038,4,G25,edge,13,13,10447.49792885218,37837.48964426091,483,400,0,13,25,0,0.005967378616333008
91039,4,G25,edge,11,11,9439.648888328387,32073.24444164199,509,425,0,11,25,0,0.006688594818115234
91040,4,G25,edge,12,12,9763.111575213234,34335.55787606616,486,406,0,12,25,0,0.0076274871826171875
91041,4,G25,edge,11,11,9172.558007137888,30827.79003568946,504,432,0,11,25,0,0.0051174163818359375
91042,4,G25,edge,15,15,10360.650592208098,36853.25296104054,501,410,0,15,25,0,0.011758804321289062
91043,4,G25,edge,14,14,10070.647544165791,36258.23772082896,474,379,0,14,25,0,0.006695270538330078
91044,4,G25,edge,12,12,9307.479550385593,31607.397751927987,500,426,0,12,25,0,0.007241964340209961
91045,4,G25,edge,10,10,10081.311283438856,34971.556417194246,520,437,0,10,25,0,0.007006406784057617
91046,4,G25,edge,16,16,10483.227457232004,38311.137286160054,470,391,0,16,25,0,0.00909733772277832
91047,4,G25,edge,11,11,9735.725313164246,33368.62656582124,516,427,0,11,25,0,0.005555391311645508
91048,4,G25,edge,16,16,10652.362614442918,38731.81307221462,485,401,0,16,25,0,0.0071489810943603516
91049,4,G25,edge,15,15,10471.282762689993,37811.413813449995,489,389,0,15,25,0,0.008746862411499023
91050,4,G25,edge,16,16,10598.41062388453,38877.05311942267,474,373,0,16,24,0,0.00832223892211914
91051,4,G25,edge,16,16,10071.86903325707,35414.345166285384,501,404,0,16,25,0,0.009424686431884766
91052,4,G25,edge,12,12,9810.125851744206,34955.62925872106,472,399,0,12,25,0,0.0061681270599365234
91053,4,G25,edge,14,14,10505.192212546413,37775.961062732065,494,410,0,14,25,0,0.006750345230102539
91054,4,G25,edge,13,13,9816.150449883842,34880.752249419216,475,400,0,13,25,0,0.00601649284362793
91055,4,G25,edge,10,10,9472.46433382378,32572.321669118908,496,428,0,10,25,0,0.004910707473754883
91056,4,G25,edge,16,16,10744.057712185768,38710.28856092891,505,397,0,16,24,0,0.008575677871704102
91057,4,G25,edge,13,13,9702.636742857418,34498.1837142871,468,398,0,13,25,0,0.005910396575927734
91058,4,G25,edge,10,10,9818.246903771493,34501.23451885744,490,418,0,10,25,0,0.00546574592590332
91059,4,G25,edge,16,16,9900.505087677406,35482.525438387056,471,369,0,16,22,0,0.008272409439086914
91060,4,G25,edge,14,14,10370.283127157656,37326.41563578828,488,395,0,14,25,0,0.007535696029663086
91061,4,G25,edge,14,14,10766.690185548681,38543.45092774344,515,413,0,14,25,0,0.007977962493896484
91062,4,G25,edge,15,15,10623.277573803416,37731.38786901709,515,427,0,15,25,0,0.007014036178588867
91063,4,G25,edge,10,10,9436.076798720565,32420.383993602823,494,432,0,10,25,0,0.007593870162963867
91064,4,G25,edge,14,14,10476.950381714749,37299.75190857374,507,412,0,14,25,0,0.006941318511962891
91065,4,G25,edge,11,11,9925.106240986484,34825.53120493244,496,425,0,11,25,0,0.005656003952026367
91066,4,G25,edge,15,15,11104.769300540676,40473.84650270338,506,405,0,15,25,0,0.0071544647216796875
91067,4,G25,edge,13,13,10076.53449374441,35937.67246872206,485,399,0,13,25,0,0.006930828094482422
91068,4,G25,edge,14,14,10158.098408144318,35650.49204072162,508,418,0,14,25,0,0.0066721439361572266
91069,4,G25,edge,15,15,10698.959347739876,38574.796738699384,500,409,0,15,25,0,0.0071141719818115234
91070,4,G25,edge,14,14,10676.468771834428,37307.34385917214,541,440,0,14,25,0,0.007873773574829102
91071,4,G25,edge,13,13,10340.117993066295,36180.589965331485,522,429,0,13,25,0,0.006344795227050781
91072,4,G25,edge,12,12,9301.652065980454,31403.26032990229,504,441,0,12,25,0,0.009970664978027344
91073,4,G25,edge,10,10,9129.369171414754,31401.845857073786,478,409,0,10,25,0,0.00501704216003418
91074,4,G25,edge,11,11,9928.00675518572,34980.03377592861,493,412,0,11,25,0,0.008021831512451172
91075,4,G25,edge,14,14,9760.500361063718,33807.50180531859,502,419,0,14,25,0,0.00699305534362793
91076,4,G25,edge,10,10,10396.821172725957,36904.10586362977,509,421,0,10,25,0,0.0052051544189453125
91077,4,G25,edge,11,11,9780.195266140885,34605.97633070444,481,399,0,11,25,0,0.006360530853271484
91078,4,G25,edge,10,10,9116.750239576886,30788.75119788444,496,429,0,10,25,0,0.004683017730712891
91079,4,G25,edge,11,11,9445.742533534241,32648.71266767119,489,416,0,11,25,0,0.0058290958404541016
91080,4,G25,edge,14,14,10519.80558091197,37449.027904559895,509,415,0,14,25,0,0.008249998092651367
91081,4,G25,edge,14,14,10315.85728855321,36654.28644276605,499,420,0,14,25,0,0.00667119026184082
91082,4,G25,edge,15,15,10148.140354180823,35980.70177090414,492,417,0,15,25,0,0.008002519607543945
91083,4,G25,edge,10,10,9261.050120606518,30520.250603032586,531,452,0,10,25,0,0.005456686019897461
91084,4,G25,edge,15,15,10977.586634535164,40167.93317267584,496,389,0,15,25,0,0.007678508758544922
91085,4,G25,edge,10,10,9721.50656921517,33467.532846075854,509,433,0,10,25,0,0.00632786750793457
91086,4,G25,edge,10,10,9803.641795829872,33338.20897914936,528,446,0,10,25,0,0.005172014236450195
91087,4,G25,edge,13,13,9615.062962936663,33470.314814683305,489,411,0,13,25,0,0.008137941360473633
91088,4,G25,edge,14,14,10881.453720249672,39017.268601248405,518,418,0,14,25,0,0.0071489810943603516
91089,4,G25,edge,11,11,9705.504759865651,33227.523799328264,514,435,0,11,25,0,0.005516767501831055
91090,4,G25,edge,10,10,9544.087552181047,32945.437760905246,498,415,0,10,25,0,0.006071567535400391
91091,4,G25,edge,12,12,9602.643604783627,33708.21802391814,480,401,0,12,25,0,0.0060999393463134766
91092,4,G25,edge,10,10,9179.844387607138,31284.221938035687,490,423,0,10,25,0,0.004716157913208008
91093,4,G25,edge,13,13,10251.152005619106,36460.76002809552,497,409,0,13,25,0,0.009488821029663086
91094,4,G25,edge,11,11,9947.55513215397,34792.775660769854,503,419,0,11,25,0,0.005927324295043945
91095,4,G25,edge,16,16,10536.323685102885,37271.61842551445,517,417,0,16,24,0,0.008445501327514648
91096,4,G25,edge,15,15,10652.24682077518,38031.23410387592,511,416,0,15,25,0,0.007563352584838867
91097,4,G25,edge,10,10,9463.15683162916,33225.7841581458,472,408,0,10,25,0,0.005796670913696289
91098,4,G25,edge,11,11,10014.254906718777,34656.2745335939,520,428,0,11,25,0,0.006034374237060547
91099,4,G25,edge,13,13,10125.3546290031,35846.77314501547,496,411,0,13,25,0,0.0076923370361328125
91000,4,G25O,edge,15,15,10120.6794938303,35848.39746915149,492,416,0,15,25,12,0.008517265319824219
91001,4,G25O,edge,11,11,9514.962215811396,32804.81107905698,493,434,0,11,25,9,0.006070613861083984
91002,4,G25O,edge,11,11,9319.385752632212,31526.928763161046,503,444,0,11,25,10,0.008455038070678711
91003,4,G25O,edge,10,10,8971.692135317428,29953.460676587176,497,446,0,10,25,10,0.005999326705932617
91004,4,G25O,edge,12,12,9933.891122027318,34204.4556101366,516,453,0,12,25,10,0.007794380187988281
91005,4,G25O,edge,14,14,9968.849296920582,35754.246484602925,469,403,0,14,25,10,0.007167816162109375
91006,4,G25O,edge,10,10,9130.642902818443,30493.214514092244,506,452,0,10,25,7,0.005421161651611328
91007,4,G25O,edge,16,16,9008.416805979148,31342.084029895756,452,400,0,16,24,13,0.007693767547607422
91008,4,G25O,edge,10,10,8902.865179261767,30209.325896308856,477,426,0,10,25,9,0.005627632141113281
91009,4,G25O,edge,16,16,10595.010926495997,37425.05463248,520,430,0,16,25,13,0.009161949157714844
91010,4,G25O,edge,10,10,9656.991274209357,33029.95637104684,511,446,0,10,25,8,0.005444526672363281
91011,4,G25O,edge,14,14,9222.003826279428,31895.01913139714,470,423,0,14,25,13,0.006724834442138672
91012,4,G25O,edge,13,13,9485.953871563164,32734.76935781582,490,424,0,13,25,15,0.007704019546508789
91013,4,G25O,edge,13,13,9696.906728178681,34184.53364089341,477,410,0,13,25,10,0.00848531723022461
91014,4,G25O,edge,12,12,8151.239415073607,27381.19707536805,442,405,0,12,25,13,0.006566047668457031
91015,4,G25O,edge,14,14,9595.15089467371,33595.75447336855,477,421,0,14,25,13,0.007081270217895508
91016,4,G25O,edge,14,14,9148.411710815903,31237.058554079544,481,426,0,14,25,14,0.007408618927001953
91017,4,G25O,edge,12,12,9467.613104676928,32023.06552338464,509,458,0,12,25,10,0.005730628967285156
91018,4,G25O,edge,10,10,9039.232766190666,30486.163830953315,490,442,0,10,25,8,0.005619525909423828
91019,4,G25O,edge,12,12,9406.35516993025,32376.77584965128,490,421,0,12,25,9,0.006422519683837891
91020,4,G25O,edge,13,13,9230.813720581315,32279.06860290657,461,405,0,13,25,16,0.0067310333251953125
91021,4,G25O,edge,12,12,9300.188438169056,31735.94219084529,492,433,0,12,25,12,0.006814002990722656
91022,4,G25O,edge,14,14,9655.036059856913,33930.18029928456,477,414,0,14,25,12,0.0071218013763427734
91023,4,G25O,edge,12,12,8601.628942187497,29128.144710937504,462,406,0,12,25,10,0.00623321533203125
91024,4,G25O,edge,15,15,9690.9539461098,33829.76973054898,486,420,0,15,25,13,0.0077304840087890625
91025,4,G25O,edge,10,10,9854.613710043846,34183.068550219265,506,438,0,10,25,8,0.005597591400146484
91026,4,G25O,edge,14,14,9780.963448970697,33994.81724485351,497,427,0,14,25,10,0.00717473030090332
91027,4,G25O,edge,16,16,9967.527470180472,35007.63735090237,494,416,0,16,25,10,0.008148193359375
91028,4,G25O,edge,10,10,9154.551887048832,30867.759435244163,497,446,0,10,25,9,0.005228996276855469
91029,4,G25O,edge,16,16,9757.857666594324,34764.28833297163,464,405,0,16,25,14,0.007809877395629883
91030,4,G25O,edge,15,15,9776.11410960028,34755.570548001415,469,405,0,15,25,14,0.007932662963867188
91031,4,G25O,edge,13,13,9392.754814421358,32523.774072106815,480,423,0,13,25,11,0.006984710693359375
91032,4,G25O,edge,16,16,10483.027396847889,38055.136984239434,480,392,0,16,25,17,0.008267879486083984
91033,4,G25O,edge,14,14,9464.419611781661,32462.09805890832,492,442,0,14,25,19,0.00853276252746582
91034,4,G25O,edge,10,10,9131.991089121286,31189.95544560643,482,434,0,10,25,10,0.005033016204833984
91035,4,G25O,edge,15,15,9469.88629503884,32339.43147519417,498,437,0,15,25,19,0.011963844299316406
91036,4,G25O,edge,12,12,9485.31491019137,32361.57455095687,503,438,0,12,25,10,0.006253242492675781
91037,4,G25O,edge,15,15,8820.996373622665,30839.98186811334,437,393,0,15,25,14,0.007817506790161133
91038,4,G25O,edge,13,13,9510.886038210867,33129.43019105435,480,420,0,13,25,15,0.006386756896972656
91039,4,G25O,edge,11,11,8915.96434734002,29914.821736700105,487,443,0,11,25,12,0.0056803226470947266
91040,4,G25O,edge,12,12,8890.892566990344,30089.462834951697,478,423,0,12,25,12,0.006056070327758789
91041,4,G25O,edge,11,11,8776.847691783918,28824.238458919597,501,452,0,11,25,14,0.005463361740112305
91042,4,G25O,edge,15,15,9893.849552852975,34684.24776426488,491,427,0,15,25,12,0.009839057922363281
91043,4,G25O,edge,14,14,9643.186749577953,34040.93374788978,473,400,0,14,25,14,0.007413625717163086
91044,4,G25O,edge,12,12,8846.312563179914,29331.562815899582,495,445,0,12,25,14,0.006272315979003906
91045,4,G25O,edge,10,10,9734.972605069506,33434.86302534753,510,448,0,10,25,7,0.005333423614501953
91046,4,G25O,edge,16,16,9650.250234601815,33991.25117300912,472,412,0,16,25,18,0.007830381393432617
91047,4,G25O,edge,11,11,8608.722769308297,28563.613846541495,480,441,0,11,25,10,0.006171703338623047
91048,4,G25O,edge,16,16,10146.308865789326,36061.54432894664,487,419,0,16,25,13,0.00822591781616211
91049,4,G25O,edge,15,15,9615.832356927265,33679.16178463634,479,410,0,15,25,14,0.007524728775024414
91050,4,G25O,edge,16,16,9570.49665782374,33992.48328911873,461,387,0,16,24,9,0.008204221725463867
91051,4,G25O,edge,16,16,9608.703773085577,33413.518865427926,484,426,0,16,25,14,0.008425235748291016
91052,4,G25O,edge,12,12,9431.085067034994,32975.425335174994,472,416,0,12,25,9,0.006602048873901367
91053,4,G25O,edge,14,14,9505.876273881857,32844.38136940928,488,427,0,14,25,12,0.008168458938598633
91054,4,G25O,edge,13,13,9028.02721614527,31080.13608072634,467,412,0,13,25,9,0.0063436031341552734
91055,4,G25O,edge,10,10,8965.119480899564,30320.597404497843,482,441,0,10,25,9,0.0050106048583984375
91056,4,G25O,edge,16,16,10135.653714821343,35758.26857410671,498,414,0,16,24,12,0.011326789855957031
91057,4,G25O,edge,13,13,8695.897483403734,29714.487417018663,454,418,0,13,25,12,0.006302595138549805
91058,4,G25O,edge,10,10,8929.213259313405,30316.066296567016,477,431,0,10,25,7,0.005213499069213867
91059,4,G25O,edge,16,16,9425.547017973066,33337.73508986534,459,383,0,16,22,12,0.00778961181640625
91060,4,G25O,edge,14,14,9740.366064378866,34296.83032189435,480,411,0,14,25,11,0.008187055587768555
91061,4,G25O,edge,14,14,10439.439872501896,36997.199362509484,509,425,0,14,25,8,0.00726771354675293
91062,4,G25O,edge,15,15,10110.207744000048,35306.03872000024,506,444,0,15,25,14,0.0077266693115234375
91063,4,G25O,edge,10,10,8623.171576025312,28520.857880126572,485,444,0,10,25,8,0.005040168762207031
91064,4,G25O,edge,14,14,10132.023547297866,35600.11773648933,503,427,0,14,25,11,0.006925106048583984
91065,4,G25O,edge,11,11,8665.155163231986,28660.77581615995,487,443,0,11,25,13,0.009222269058227539
91066,4,G25O,edge,15,15,10386.593177763078,36862.96588881539,503,424,0,15,25,14,0.009648561477661133
91067,4,G25O,edge,13,13,9129.497166956788,31257.48583478394,479,418,0,13,25,13,0.007810115814208984
91068,4,G25O,edge,14,14,9509.399690442377,32761.998452211912,490,437,0,14,25,13,0.00641179084777832
91069,4,G25O,edge,15,15,10082.667349599433,35483.336747997164,496,431,0,15,25,15,0.009789228439331055
91070,4,G25O,edge,14,14,10253.889357361844,35324.446786809196,533,454,0,14,25,11,0.007098674774169922
91071,4,G25O,edge,13,13,9436.728806014105,32278.644030070525,495,441,0,13,25,9,0.010532617568969727
91072,4,G25O,edge,12,12,8157.166725514623,25975.83362757312,489,457,0,12,25,13,0.005656242370605469
91073,4,G25O,edge,10,10,8812.50077164229,29937.503858211447,470,425,0,10,25,10,0.005611419677734375
91074,4,G25O,edge,11,11,9311.05374332256,32105.26871661282,481,430,0,11,25,12,0.0056340694427490234
91075,4,G25O,edge,14,14,9099.518951360144,30637.59475680072,493,437,0,14,25,12,0.006306886672973633
91076,4,G25O,edge,10,10,9354.533138029075,31967.665690145368,495,436,0,10,25,10,0.005727052688598633
91077,4,G25O,edge,11,11,8813.479819975268,30317.39909987634,457,410,0,11,25,8,0.005777597427368164
91078,4,G25O,edge,10,10,8773.124484081813,29100.622420409072,493,438,0,10,25,6,0.006175994873046875
91079,4,G25O,edge,11,11,8577.103060870397,28575.515304351975,474,437,0,11,25,13,0.005599498748779297
91080,4,G25O,edge,14,14,9334.452570678908,32222.262853394568,478,430,0,14,25,12,0.006573677062988281
91081,4,G25O,edge,14,14,9457.603888091146,32613.01944045573,486,435,0,14,25,11,0.006802558898925781
91082,4,G25O,edge,15,15,9313.41049571917,31882.052478595833,485,437,0,15,25,14,0.007658243179321289
91083,4,G25O,edge,10,10,9075.07958885104,29675.39794425519,525,465,0,10,25,9,0.005099296569824219
91084,4,G25O,edge,15,15,10150.33572477027,36046.678623851374,492,406,0,15,25,13,0.010532855987548828
91085,4,G25O,edge,10,10,9565.66641450021,32523.33207250103,513,446,0,10,25,8,0.005342960357666016
91086,4,G25O,edge,10,10,9410.566081540639,31507.830407703197,520,459,0,10,25,9,0.005204916000366211
91087,4,G25O,edge,13,13,9596.469941349173,33082.34970674585,497,430,0,13,25,14,0.006955623626708984
91088,4,G25O,edge,14,14,10209.147437268328,35725.73718634166,512,434,0,14,25,11,0.007099628448486328
91089,4,G25O,edge,11,11,9290.09897046755,31350.494852337768,503,450,0,11,25,10,0.00649571418762207
91090,4,G25O,edge,10,10,9198.96646628195,31409.832331409798,487,432,0,10,25,12,0.005057573318481445
91091,4,G25O,edge,12,12,9047.90645505634,30969.532275281697,475,419,0,12,25,13,0.0058825016021728516
91092,4,G25O,edge,10,10,8812.977000815874,29689.885004079384,478,435,0,10,25,8,0.006189823150634766
91093,4,G25O,edge,13,13,9191.053949053154,31420.269745265785,483,427,0,13,25,12,0.006712913513183594
91094,4,G25O,edge,11,11,9176.041993355862,31260.20996677933,487,434,0,11,25,9,0.007398843765258789
91095,4,G25O,edge,16,16,10147.400847020874,35442.00423510442,509,434,0,16,24,12,0.010683536529541016
91096,4,G25O,edge,15,15,9860.799254294881,34238.99627147441,501,433,0,15,25,13,0.008144855499267578
91097,4,G25O,edge,10,10,8915.250421778375,30351.25210889186,474,425,0,10,25,11,0.005486249923706055
91098,4,G25O,edge,11,11,9883.462998654457,34027.31499327231,517,438,0,11,25,7,0.0066449642181396484
91099,4,G25O,edge,13,13,9444.046797936151,32555.23398968074,488,428,0,13,25,12,0.008767366409301758
