family,n_sources,seed,method,success,cleared,virtual_time_s,distance_m,measure_calls,switches,failed_clear,solver_failures,optical_fallbacks,opportunistic_measure_count,opportunistic_direction_count,opportunistic_no_signal_count,legs_selected,became_clear_ready_count,zero_detour_clear_count,clear_ready_count,coverage_move_m,opportunity_move_m,resolver_move_m,clear_move_m,coverage_measure_count,resolver_measure_count,clear_calls
uniform,10,123000,G25OR-S21,True,10,6328.009980181756,23695.04990090878,258,249,0,0,0,0,0,0,0,0,0,0,0,0,0,0,0,0,10
uniform,10,123000,G21A,True,10,6788.792376318763,26238.9618815938,251,236,0,0,0,10,10,0,7,1,0,1,13412.777959922822,4527.21243453367,7691.754488909417,607.216998227892,232,9,10
uniform,10,123001,G25OR-S21,True,10,6448.098266042538,24205.491330212684,261,252,0,0,0,0,0,0,0,0,0,0,0,0,0,0,0,0,10
uniform,10,123001,G21A,True,10,6765.377546348846,25836.887731744224,261,243,0,0,0,10,9,1,6,1,0,0,13572.718284811315,4336.21178008453,6847.323746593829,1080.6339202545496,239,12,10
uniform,10,123002,G25OR-S21,True,10,6255.038928616313,23305.194643081548,259,249,0,0,0,0,0,0,0,0,0,0,0,0,0,0,0,0,10
uniform,10,123002,G21A,True,10,6684.184631110419,25530.923155552093,257,243,0,0,0,10,10,0,7,2,0,0,12119.95398361321,5177.429397653353,7092.201762896544,1141.338011388987,239,8,10
uniform,10,123003,G25OR-S21,True,10,6607.136888955462,25285.684444777307,252,240,0,0,0,0,0,0,0,0,0,0,0,0,0,0,0,0,10
uniform,10,123003,G21A,True,10,6680.482901726979,25812.414508634905,247,233,0,0,0,10,10,0,7,2,0,0,13020.076652007256,4521.633676233081,6347.337072767827,1923.3671076267428,229,8,10
uniform,10,123004,G25OR-S21,True,10,6598.313827386968,25291.569136934846,250,240,0,0,0,0,0,0,0,0,0,0,0,0,0,0,0,0,10
uniform,10,123004,G21A,True,10,6565.089886326661,25325.44943163331,244,230,0,0,0,10,10,0,7,4,0,0,12351.600402817727,4689.593941391007,6380.851580724568,1903.40350670001,228,6,10
uniform,10,123005,G25OR-S21,True,10,6207.8387813636655,23039.193906818335,260,250,0,0,0,0,0,0,0,0,0,0,0,0,0,0,0,0,10
uniform,10,123005,G21A,True,10,6481.892907180602,24549.464535903015,256,242,0,0,0,10,10,0,7,3,0,0,12447.423563390299,5214.814790550576,5749.185658465183,1138.0405234969567,239,7,10
uniform,10,123006,G25OR-S21,True,10,6169.268926830942,22776.344634154717,262,254,0,0,0,0,0,0,0,0,0,0,0,0,0,0,0,0,10
uniform,10,123006,G21A,True,10,7108.619843617769,27688.09921808883,256,241,0,0,0,10,10,0,6,1,0,0,13801.919070150285,4107.01099474556,9466.096843045776,313.0723101472104,237,9,10
uniform,10,123007,G25OR-S21,True,10,6202.132627430841,23195.663137154213,254,243,0,0,0,0,0,0,0,0,0,0,0,0,0,0,0,0,10
uniform,10,123007,G21A,True,10,6606.931924307275,25459.659621536375,247,230,0,0,0,10,10,0,4,2,0,0,14512.96087793114,3075.607460720202,5621.159695053651,2249.931587831381,229,8,10
uniform,10,123008,G25OR-S21,True,10,6266.156844402932,23075.78422201466,268,261,0,0,0,0,0,0,0,0,0,0,0,0,0,0,0,0,10
uniform,10,123008,G21A,True,10,6852.536728397998,26077.68364198999,267,252,0,0,0,10,10,0,6,1,0,0,13390.865668480374,4228.157558392979,7979.324672583571,479.33574253306324,248,9,10
uniform,10,123009,G25OR-S21,True,10,6376.6923414081775,24368.461707040893,244,233,0,0,0,0,0,0,0,0,0,0,0,0,0,0,0,0,10
uniform,10,123009,G21A,True,10,6569.781983412587,25498.909917062934,239,225,0,0,0,10,10,0,7,3,0,0,13486.405228548525,3917.219161359338,5669.143910959316,2426.141616195755,222,7,10
uniform,10,123010,G25OR-S21,True,10,6334.751915907921,23523.759579539612,265,255,0,0,0,0,0,0,0,0,0,0,0,0,0,0,0,0,10
uniform,10,123010,G21A,True,10,6836.519942708195,26267.599713540985,258,243,0,0,0,10,10,0,7,2,0,0,14291.60908322941,3387.116073602613,6728.949170867712,1859.9253858412485,240,8,10
uniform,10,123011,G25OR-S21,True,10,6239.199263735445,22805.996318677222,273,263,0,0,0,0,0,0,0,0,0,0,0,0,0,0,0,0,10
uniform,10,123011,G21A,True,10,6741.345671059313,25581.728355296556,265,250,0,0,0,10,10,0,6,2,0,0,13399.837337133224,4308.288486574842,6601.113142261915,1272.489389326576,247,8,10
uniform,10,123012,G25OR-S21,True,10,6482.122170349114,24140.610851745572,269,259,0,0,0,0,0,0,0,0,0,0,0,0,0,0,0,0,10
uniform,10,123012,G21A,True,10,6429.767810989414,24203.839054947064,259,244,0,0,0,10,10,0,6,2,0,0,13750.849447626286,3442.1523700501075,5827.487420506117,1183.3498167645548,241,8,10
uniform,10,123013,G25OR-S21,True,10,6505.986417273021,24284.9320863651,268,259,0,0,0,0,0,0,0,0,0,0,0,0,0,0,0,0,10
uniform,10,123013,G21A,True,10,7169.448175434394,27652.240877171964,267,254,0,0,0,10,10,0,8,2,0,0,12399.977093197303,5508.952971698542,7832.212728141818,1911.0980841343007,249,8,10
uniform,10,123014,G25OR-S21,True,10,6810.4521635864485,25922.260817932252,264,256,0,0,0,0,0,0,0,0,0,0,0,0,0,0,0,0,10
uniform,10,123014,G21A,True,10,6837.251596254259,26241.257981271294,259,244,0,0,0,10,10,0,6,1,0,0,13840.119201040112,4068.8108638557333,6599.552165262638,1732.7757511128111,240,9,10
uniform,11,123015,G25OR-S21,True,11,6610.033745984472,25745.168729922363,236,226,0,0,0,0,0,0,0,0,0,0,0,0,0,0,0,0,11
uniform,11,123015,G21A,True,11,6557.776625506331,25653.883127531648,231,217,0,0,0,11,11,0,8,3,0,0,12528.671491367548,4965.616889280142,5970.5539719136505,2189.040774970308,212,8,11
uniform,11,123016,G25OR-S21,True,11,6485.865363854822,25029.326819274116,239,230,0,0,0,0,0,0,0,0,0,0,0,0,0,0,0,0,11
uniform,11,123016,G21A,True,11,6927.373193248235,27411.865966241174,234,220,0,0,0,11,11,0,7,1,0,0,12912.774936635107,4996.155128260739,7979.536557585292,1523.3993437600366,213,10,11
uniform,11,123017,G25OR-S21,True,11,6716.386648241243,26091.933241206214,242,233,0,0,0,0,0,0,0,0,0,0,0,0,0,0,0,0,11
uniform,11,123017,G21A,True,11,6652.9003731282255,26044.501865641123,234,219,0,0,0,11,11,0,6,4,0,0,13737.268450898784,3884.356380384526,5241.80638148604,3181.070652871773,216,7,11
uniform,11,123018,G25OR-S21,True,11,6388.483471908381,24202.417359541894,250,243,0,0,0,0,0,0,0,0,0,0,0,0,0,0,0,0,11
uniform,11,123018,G21A,True,11,6946.930764268742,27219.653821343712,244,228,0,0,0,11,10,1,7,0,0,0,14406.574993409598,3502.355071486246,9049.585873651944,261.13788279592336,220,13,11
uniform,11,123019,G25OR-S21,True,11,6241.417133348121,24127.0856667406,229,216,0,0,0,0,0,0,0,0,0,0,0,0,0,0,0,0,11
uniform,11,123019,G21A,True,11,6731.854315509784,26624.271577548923,228,212,0,0,0,11,11,0,5,2,0,0,14779.483905489564,2816.674803481267,7773.572371370068,1254.5404972080232,208,9,11
uniform,11,123020,G25OR-S21,True,11,6733.949909811151,26229.749549055752,240,233,0,0,0,0,0,0,0,0,0,0,0,0,0,0,0,0,11
uniform,11,123020,G21A,True,11,6975.493929414152,27717.469647070768,232,217,0,0,0,11,11,0,6,2,0,0,13959.649938515744,3801.409947626936,8505.032222536101,1451.3775383919865,212,9,11
uniform,11,123021,G25OR-S21,True,11,6508.249856845948,25141.24928422973,239,230,0,0,0,0,0,0,0,0,0,0,0,0,0,0,0,0,11
uniform,11,123021,G21A,True,11,7077.538895850633,28157.694479253165,234,221,0,0,0,11,11,0,8,5,0,0,11948.710095590457,5444.83031388215,7761.735090163158,3002.4189796173996,217,6,11
uniform,11,123022,G25OR-S21,True,11,6352.239120309541,24306.195601547708,241,231,0,0,0,0,0,0,0,0,0,0,0,0,0,0,0,0,11
uniform,11,123022,G21A,True,11,6582.734031194472,25648.67015597236,235,223,0,0,0,11,11,0,9,4,0,0,10796.229927109514,6103.198779954779,6103.521087094097,2645.720361813969,217,7,11
uniform,11,123023,G25OR-S21,True,11,6385.747900024562,23853.739500122814,261,255,0,0,0,0,0,0,0,0,0,0,0,0,0,0,0,0,11
uniform,11,123023,G21A,True,11,7307.594160593208,28837.97080296603,250,235,0,0,0,11,11,0,6,0,0,0,13927.392779669624,3981.5372852262203,9693.216470928553,1235.8242671416301,229,10,11
uniform,11,123024,G25OR-S21,True,11,6338.062179213227,23900.310896066138,252,243,0,0,0,0,0,0,0,0,0,0,0,0,0,0,0,0,11
uniform,11,123024,G21A,True,11,6601.643834481734,25408.219172408666,247,230,0,0,0,11,11,0,6,3,0,0,13513.618522892251,4015.8095966049996,5850.652874344789,2028.1381785666272,228,8,11
uniform,11,123025,G25OR-S21,True,11,6815.933113724743,26444.665568623717,247,237,0,0,0,0,0,0,0,0,0,0,0,0,0,0,0,0,11
uniform,11,123025,G21A,True,11,6792.285443983209,26626.427219916044,238,222,0,0,0,11,11,0,6,1,0,0,13725.60132065335,4183.328744242495,7833.0848267755755,884.4123282446235,217,10,11
uniform,11,123026,G25OR-S21,True,11,6907.1047275197625,26890.523637598806,247,239,0,0,0,0,0,0,0,0,0,0,0,0,0,0,0,0,11
uniform,11,123026,G21A,True,11,6992.134356723225,27465.671783616122,243,229,0,0,0,11,11,0,8,4,0,0,12273.099096564554,5635.830968331291,6081.13264807556,3475.6090706447176,224,8,11
uniform,11,123027,G25OR-S21,True,11,6411.945574967379,24144.727874836895,256,248,0,0,0,0,0,0,0,0,0,0,0,0,0,0,0,0,11
uniform,11,123027,G21A,True,11,6886.95216468019,26699.76082340093,251,237,0,0,0,11,11,0,7,1,0,0,12692.73724988766,4798.307319894973,8453.060869054134,755.6553845641656,230,10,11
uniform,11,123028,G25OR-S21,True,11,6419.666833940986,24423.33416970492,248,240,0,0,0,0,0,0,0,0,0,0,0,0,0,0,0,0,11
uniform,11,123028,G21A,True,11,6782.42495863774,26482.124793188694,241,226,0,0,0,11,11,0,6,2,0,0,13206.019725985632,4261.2574824176645,6949.833399861789,2065.014184923608,221,9,11
uniform,11,123029,G25OR-S21,True,11,6240.489778798187,23872.448893990935,237,226,0,0,0,0,0,0,0,0,0,0,0,0,0,0,0,0,11
uniform,11,123029,G21A,True,11,6210.8947391428255,23989.473695714118,229,213,0,0,0,11,11,0,5,4,0,0,14910.676788571325,2183.644825237966,4552.908819635919,2342.2432622689075,211,7,11
uniform,12,123030,G25OR-S21,True,12,6691.678486262772,26063.392431313856,237,234,0,0,0,0,0,0,0,0,0,0,0,0,0,0,0,0,12
uniform,12,123030,G21A,True,12,6850.3103975650965,27181.551987825467,228,214,0,0,0,12,12,0,7,1,0,0,12976.109989647823,4932.8200752480225,7672.8601928359785,1599.7617300936436,205,11,12
uniform,12,123031,G25OR-S21,True,12,6207.114017420611,23940.57008710305,228,219,0,0,0,0,0,0,0,0,0,0,0,0,0,0,0,0,12
uniform,12,123031,G21A,True,12,6189.882668282734,23999.413341413667,224,210,0,0,0,12,12,0,7,3,0,0,13076.456544865183,4075.2701346667423,4425.518956549004,2422.1677053327385,203,9,12
uniform,12,123032,G25OR-S21,True,12,6703.86545613534,26444.327280676705,227,220,0,0,0,0,0,0,0,0,0,0,0,0,0,0,0,0,12
uniform,12,123032,G21A,True,12,7100.017883189921,28550.089415949602,224,210,0,0,0,12,12,0,6,3,0,0,13419.917761252003,4489.012303643842,7413.779267140359,3227.3800839133983,203,9,12
uniform,12,123033,G25OR-S21,True,12,6959.068682845517,27870.343414227587,222,215,0,0,0,0,0,0,0,0,0,0,0,0,0,0,0,0,12
uniform,12,123033,G21A,True,12,7155.978941032724,29194.89470516361,212,197,0,0,0,12,12,0,7,4,0,0,12479.093996209705,4965.7183548097555,9564.76482063179,2185.317533512358,192,8,12
uniform,12,123034,G25OR-S21,True,12,6961.844281414682,27594.2214070734,232,223,0,0,0,0,0,0,0,0,0,0,0,0,0,0,0,0,12
uniform,12,123034,G21A,True,12,7061.552219150805,28192.76109575402,230,213,0,0,0,12,11,1,7,3,0,0,12868.167104977854,4383.092155935389,8602.013465629996,2339.488369210781,207,11,12
uniform,12,123035,G25OR-S21,True,12,6693.74635916801,26063.731795840038,238,231,0,0,0,0,0,0,0,0,0,0,0,0,0,0,0,0,12
uniform,12,123035,G21A,True,12,7074.851948522615,28224.259742613067,231,215,0,0,0,12,12,0,7,1,0,0,13305.317368582519,4603.6126963133265,9181.32691751689,1134.002760200332,206,13,12
uniform,12,123036,G25OR-S21,True,12,6708.812041073286,26229.060205366444,235,228,0,0,0,0,0,0,0,0,0,0,0,0,0,0,0,0,12
uniform,12,123036,G21A,True,12,7088.1462833893065,28410.731416946535,227,211,0,0,0,12,12,0,6,2,0,0,14013.654631210858,3709.7242497909074,9167.240832243166,1520.1117037016052,204,11,12
uniform,12,123037,G25OR-S21,True,12,6803.950964820648,26704.754824103235,235,228,0,0,0,0,0,0,0,0,0,0,0,0,0,0,0,0,12
uniform,12,123037,G21A,True,12,7068.18206362896,28210.910318144808,230,216,0,0,0,12,12,0,7,1,0,0,13831.705205629334,3908.9449510509316,9879.015107473675,591.2450539908664,207,11,12
uniform,12,123038,G25OR-S21,True,12,6615.317982750613,25736.589913753058,235,233,0,0,0,0,0,0,0,0,0,0,0,0,0,0,0,0,12
uniform,12,123038,G21A,True,12,6855.115881000849,27350.579405004242,223,210,0,0,0,12,12,0,8,1,0,0,12503.114619896129,5405.815444999716,8842.14812563702,599.5012144713764,200,11,12
uniform,12,123039,G25OR-S21,True,12,6616.938957032366,26084.69478516183,225,215,0,0,0,0,0,0,0,0,0,0,0,0,0,0,0,0,12
uniform,12,123039,G21A,True,12,6761.691779502835,26948.458897514167,221,207,0,0,0,12,12,0,7,4,0,0,13450.864482424024,4136.084941938692,5347.547990500345,4013.961482651106,201,8,12
uniform,12,123040,G25OR-S21,True,12,6355.722253343254,24343.611266716267,239,232,0,0,0,0,0,0,0,0,0,0,0,0,0,0,0,0,12
uniform,12,123040,G21A,True,12,6905.003885971295,27275.01942985647,234,220,0,0,0,12,12,0,7,4,0,0,11901.416744014725,5210.124873302901,6694.493781913825,3468.9840306250203,214,8,12
uniform,12,123041,G25OR-S21,True,12,6641.568977866326,26037.844889331638,230,224,0,0,0,0,0,0,0,0,0,0,0,0,0,0,0,0,12
uniform,12,123041,G21A,True,12,7122.632184724328,28628.160923621643,225,212,0,0,0,12,12,0,8,3,0,0,13016.164061402676,4892.766003493169,7604.45306485601,3114.7777938697873,204,9,12
uniform,12,123042,G25OR-S21,True,12,5802.055325507988,22100.27662753994,222,212,0,0,0,0,0,0,0,0,0,0,0,0,0,0,0,0,12
uniform,12,123042,G21A,True,12,6704.369582640825,26846.84791320412,215,200,0,0,0,12,12,0,6,3,0,0,14195.30517292926,3341.894554706116,7949.195115784056,1360.4530697846885,194,9,12
uniform,12,123043,G25OR-S21,True,12,7039.213435637248,27856.067178186233,236,228,0,0,0,0,0,0,0,0,0,0,0,0,0,0,0,0,12
uniform,12,123043,G21A,True,12,6827.60975400815,27193.04877004075,224,209,0,0,0,12,12,0,6,2,0,0,14060.03861074843,3115.3694438984453,8154.269877231745,1863.3708381621298,203,9,12
uniform,12,123044,G25OR-S21,True,12,6245.326589970799,24366.632949854004,220,212,0,0,0,0,0,0,0,0,0,0,0,0,0,0,0,0,12
uniform,12,123044,G21A,True,12,6317.489263412886,25052.446317064423,210,197,0,0,0,12,12,0,8,5,0,0,11122.780681471084,5495.823183788668,5680.029670250755,2753.812781553917,191,7,12
uniform,13,123045,G25OR-S21,True,13,6238.739653103915,24618.698265519575,210,200,0,0,0,0,0,0,0,0,0,0,0,0,0,0,0,0,13
uniform,13,123045,G21A,True,13,6497.144786332827,26115.723931664146,204,189,0,0,0,13,13,0,6,2,0,0,14069.489594960232,3839.4404699356137,6710.760933986974,1496.032932781327,181,10,13
uniform,13,123046,G25OR-S21,True,13,6697.971148204471,27099.85574102235,204,193,0,0,0,0,0,0,0,0,0,0,0,0,0,0,0,0,13
uniform,13,123046,G21A,True,13,6850.9128911023,28134.564455511496,196,179,0,0,0,13,13,0,6,4,0,0,12951.784669227873,4527.21243453367,7698.304004091002,2957.2633476589526,174,9,13
uniform,13,123047,G25OR-S21,True,13,6407.69144790665,25478.45723953325,209,202,0,0,0,0,0,0,0,0,0,0,0,0,0,0,0,0,13
uniform,13,123047,G21A,True,13,6485.146444350605,26190.732221753024,199,187,0,0,0,13,13,0,9,4,0,0,11528.204964243449,5589.933874110517,6776.894880015876,2295.6985033831825,177,9,13
uniform,13,123048,G25OR-S21,True,13,6501.693891314681,25823.46945657341,214,202,0,0,0,0,0,0,0,0,0,0,0,0,0,0,0,0,13
uniform,13,123048,G21A,True,13,6512.980637346247,26054.903186731237,208,194,1,0,0,13,13,0,7,2,0,0,12489.346797307202,4908.051112727124,6230.50427867291,2427.000998024002,184,11,14
uniform,13,123049,G25OR-S21,True,13,6171.903963972428,24399.519819862133,206,197,0,0,0,0,0,0,0,0,0,0,0,0,0,0,0,0,13
uniform,13,123049,G21A,True,13,6233.973871991842,24884.869359959193,201,187,0,0,0,13,13,0,8,6,0,0,10821.868054152437,5123.399892208151,5174.327120667978,3765.274292930627,181,7,13
uniform,13,123050,G25OR-S21,True,13,6691.334638388904,26871.67319194451,210,202,0,0,0,0,0,0,0,0,0,0,0,0,0,0,0,0,13
uniform,13,123050,G21A,True,13,6720.730565415627,27318.652827078135,201,187,0,0,0,13,13,0,8,4,0,0,11838.813222124272,5128.828503363502,7315.063061240129,3035.948040350231,179,9,13
uniform,13,123051,G25OR-S21,True,13,6486.683512747419,25878.417563737086,209,201,0,0,0,0,0,0,0,0,0,0,0,0,0,0,0,0,13
uniform,13,123051,G21A,True,13,6693.347091443222,27151.7354572161,202,188,0,0,0,13,13,0,8,2,0,0,12601.388674671973,4867.687932880499,8702.17442800217,980.4844216614565,177,12,13
uniform,13,123052,G25OR-S21,True,13,6148.780606665137,24408.90303332569,202,192,0,0,0,0,0,0,0,0,0,0,0,0,0,0,0,0,13
uniform,13,123052,G21A,True,13,6829.015948612536,28155.07974306268,191,178,0,0,0,13,13,0,7,2,0,0,14157.850620128744,3048.566936674223,8371.776331357149,2576.8858549025654,170,8,13
uniform,13,123053,G25OR-S21,True,13,6593.398048271183,26401.990241355925,209,203,0,0,0,0,0,0,0,0,0,0,0,0,0,0,0,0,13
uniform,13,123053,G21A,True,13,7142.217342846136,29356.086714230667,203,191,0,0,0,13,13,0,9,2,0,0,12587.573601132872,4923.701267668362,9844.333668332245,2000.4781770971886,180,10,13
uniform,13,123054,G25OR-S21,True,13,6219.745552804062,24418.727764020314,213,206,0,0,0,0,0,0,0,0,0,0,0,0,0,0,0,0,13
uniform,13,123054,G21A,True,13,7180.931503106716,29494.657515533596,205,192,0,0,0,13,13,0,8,2,0,0,12439.446344960099,5131.315776785552,10301.065451522878,1622.829942265067,181,11,13
uniform,13,123055,G25OR-S21,True,13,6844.513818932087,27277.56909466044,222,214,0,0,0,0,0,0,0,0,0,0,0,0,0,0,0,0,13
uniform,13,123055,G21A,True,13,6775.079666312765,27105.39833156382,217,204,0,0,0,13,13,0,8,6,0,0,12077.148774206065,5332.857554283824,4327.134229438481,5368.257773635451,197,7,13
uniform,13,123056,G25OR-S21,True,13,6348.267425885061,25381.337129425297,203,192,0,0,0,0,0,0,0,0,0,0,0,0,0,0,0,0,13
uniform,13,123056,G21A,True,13,6551.573357864973,26492.86678932487,200,188,0,0,0,13,13,0,9,5,0,0,11673.00752125759,5356.832203511508,5128.820258825213,4334.20680573056,179,8,13
uniform,13,123057,G25OR-S21,True,13,6488.604305870766,25898.02152935383,209,199,0,0,0,0,0,0,0,0,0,0,0,0,0,0,0,0,13
uniform,13,123057,G21A,True,13,6551.518017170374,26562.590085851865,198,184,0,0,0,13,13,0,7,4,0,0,12844.524786291435,4252.582428544912,7517.563186645708,1947.919684369811,176,9,13
uniform,13,123058,G25OR-S21,True,13,6441.388733054516,25776.943665272585,205,196,0,0,0,0,0,0,0,0,0,0,0,0,0,0,0,0,13
uniform,13,123058,G21A,True,13,6363.017731229031,25765.088656145155,193,180,0,0,0,13,13,0,8,8,0,0,11587.827741992181,4794.43599269909,4733.0642071239745,4649.76071432991,175,5,13
uniform,13,123059,G25OR-S21,True,13,6853.553632611635,27622.768163058176,212,204,0,0,0,0,0,0,0,0,0,0,0,0,0,0,0,0,13
uniform,13,123059,G21A,True,13,6935.887604100721,28264.438020503596,205,193,0,0,0,13,13,0,9,4,0,0,12081.954130065269,5392.148539518545,8297.869023580559,2492.4663273392243,183,9,13
uniform,14,123060,G25OR-S21,True,14,6854.050627258762,28015.253136293813,198,191,0,0,0,0,0,0,0,0,0,0,0,0,0,0,0,0,14
uniform,14,123060,G21A,True,14,6866.752354948719,28168.761774743572,196,183,0,0,0,14,14,0,7,2,0,1,13868.16696138763,3868.7543429217703,9190.818071336915,1241.0223990972581,170,12,14
uniform,14,123061,G25OR-S21,True,14,6538.835138280758,26869.17569140379,184,175,0,0,0,0,0,0,0,0,0,0,0,0,0,0,0,0,14
uniform,14,123061,G21A,True,14,6830.945421808657,28424.727109043288,182,166,0,0,0,14,14,0,6,2,0,0,13916.519462819771,3992.4106020760773,6936.040987471788,3579.756056675651,155,13,14
uniform,14,123062,G25OR-S21,True,14,6694.078267900987,27510.39133950494,189,177,0,0,0,0,0,0,0,0,0,0,0,0,0,0,0,0,14
uniform,14,123062,G21A,True,14,6743.060834948255,27915.30417474127,184,170,0,0,0,14,14,0,7,1,0,0,12171.408673491273,5253.014921440405,9719.492161759299,771.3884180502955,157,13,14
uniform,14,123063,G25OR-S21,True,14,6316.225578483866,25241.127892419336,201,193,0,0,0,0,0,0,0,0,0,0,0,0,0,0,0,0,14
uniform,14,123063,G21A,True,14,6352.769386723587,25628.846933617937,195,182,0,0,0,14,14,0,8,5,0,0,12803.076072423106,4617.417069812789,3406.02014831395,4802.333643068092,172,9,14
uniform,14,123064,G25OR-S21,True,14,6083.611305502058,24348.056527510293,192,184,0,0,0,0,0,0,0,0,0,0,0,0,0,0,0,0,14
uniform,14,123064,G21A,True,14,6893.541799232987,28672.708996164933,184,169,0,0,0,14,14,0,6,5,0,1,13418.70748475688,4149.005415097153,6799.123897538895,4305.872198772004,163,7,14
uniform,14,123065,G25OR-S21,True,14,6364.346230540759,25841.731152703785,189,181,0,0,0,0,0,0,0,0,0,0,0,0,0,0,0,0,14
uniform,14,123065,G21A,True,14,6719.777595689576,27773.887978447867,185,170,0,0,0,14,14,0,7,2,0,0,13305.317368582519,4603.6126963133265,8625.773536347886,1239.1843772041357,159,12,14
uniform,14,123066,G25OR-S21,True,14,6438.469829823895,25837.349149119476,201,196,0,0,0,0,0,0,0,0,0,0,0,0,0,0,0,0,14
uniform,14,123066,G21A,True,14,7102.529881073798,29342.649405368982,196,184,0,0,0,14,14,0,9,1,0,0,11883.1842976883,6025.745767207545,9750.887927011012,1682.831413462125,170,12,14
uniform,14,123067,G25OR-S21,True,14,6055.221277766757,24211.106388833785,192,183,0,0,0,0,0,0,0,0,0,0,0,0,0,0,0,0,14
uniform,14,123067,G21A,True,14,6184.972157531691,25029.860787658446,187,174,0,0,0,14,14,0,8,6,0,0,11598.316481437452,5137.801579020947,5275.691967715233,3018.0507594848145,165,8,14
uniform,14,123068,G25OR-S21,True,14,6735.629227888326,27728.146139441626,188,180,0,0,0,0,0,0,0,0,0,0,0,0,0,0,0,0,14
uniform,14,123068,G21A,True,14,6746.932913799246,28114.664568996235,178,164,0,0,0,14,14,0,8,5,0,0,12666.392183597502,4241.420931836119,8295.487654148561,2911.363799414053,155,9,14
uniform,14,123069,G25OR-S21,True,14,6753.197967779125,27485.98983889562,199,191,0,0,0,0,0,0,0,0,0,0,0,0,0,0,0,0,14
uniform,14,123069,G21A,True,14,6686.450953856946,27507.254769284722,188,175,0,0,0,14,14,0,8,4,0,0,12065.289420106856,5321.363503457627,6491.65075483578,3628.9510908844586,164,10,14
uniform,14,123070,G25OR-S21,True,14,6200.219639755198,24881.09819877598,194,184,0,0,0,0,0,0,0,0,0,0,0,0,0,0,0,0,14
uniform,14,123070,G21A,True,14,6758.262418598964,27786.312092994827,191,176,0,0,0,14,14,0,7,3,0,0,12655.91514345544,5253.014921440405,7458.66206621343,2418.719961885552,167,10,14
uniform,14,123071,G25OR-S21,True,14,6417.940656487411,25194.70328243705,219,214,0,0,0,0,0,0,0,0,0,0,0,0,0,0,0,0,14
uniform,14,123071,G21A,True,14,7124.581735406793,28917.908677033967,214,201,0,0,0,14,14,0,9,3,0,0,10799.367829904273,6616.204186496123,9948.98358872265,1553.3530719109203,189,11,14
uniform,14,123072,G25OR-S21,True,14,6529.2875737601225,26061.43786880062,209,202,0,0,0,0,0,0,0,0,0,0,0,0,0,0,0,0,14
uniform,14,123072,G21A,True,14,6840.4670958474035,28012.335479237012,197,183,0,0,0,14,14,0,8,4,0,0,12685.42113586239,5223.5089290334545,8162.561899806169,1940.8435145349977,173,10,14
uniform,14,123073,G25OR-S21,True,14,6383.147054057843,26000.73527028921,187,178,0,0,0,0,0,0,0,0,0,0,0,0,0,0,0,0,14
uniform,14,123073,G21A,True,14,6734.7237651859305,28028.618825929647,179,164,0,0,0,14,14,0,6,3,0,0,13791.270081795146,3992.4106020760764,7494.470132985487,2750.4680090729375,154,11,14
uniform,14,123074,G25OR-S21,True,14,6009.943831060346,23519.71915530173,207,201,0,0,0,0,0,0,0,0,0,0,0,0,0,0,0,0,14
uniform,14,123074,G21A,True,14,7072.309623263885,29071.54811631942,200,188,0,0,0,14,14,0,9,3,0,0,10999.641180945464,6050.785474421471,10547.248879390925,1473.8725815615608,175,11,14
uniform,15,123075,G25OR-S21,True,15,6382.351550196628,26026.757750983143,185,177,0,0,0,0,0,0,0,0,0,0,0,0,0,0,0,0,15
uniform,15,123075,G21A,True,15,6641.819799164467,27459.098995822344,181,170,0,0,0,15,15,0,9,6,0,0,11979.850022028026,5484.220575554367,5886.235926695026,4108.792471544924,157,9,15
uniform,15,123076,G25OR-S21,True,15,6243.028746458867,25670.143732294335,174,164,0,0,0,0,0,0,0,0,0,0,0,0,0,0,0,0,15
uniform,15,123076,G21A,True,15,7021.396209472942,29936.981047364698,162,149,0,0,0,15,15,0,8,1,0,0,11759.486296607525,5809.221800503047,10786.524192867808,1581.7487573863173,134,13,15
uniform,15,123077,G25OR-S21,True,15,5921.735447469702,23908.677237348507,179,170,0,0,0,0,0,0,0,0,0,0,0,0,0,0,0,0,15
uniform,15,123077,G21A,True,15,6291.366223958491,26106.83111979246,168,155,0,0,0,15,15,0,9,6,0,0,11587.699649826998,5030.868906134356,6733.855088538905,2754.4074752922006,143,10,15
uniform,15,123078,G25OR-S21,True,15,6615.24365849021,27221.218292451045,184,176,0,0,0,0,0,0,0,0,0,0,0,0,0,0,0,0,15
uniform,15,123078,G21A,True,15,6842.325594863892,28716.627974319454,173,159,0,0,0,15,15,0,7,5,0,0,12751.013700345538,4409.611305427724,6467.1790326659575,5088.823935880234,148,10,15
uniform,15,123079,G25OR-S21,True,15,6767.567400638998,28127.83700319499,179,172,0,0,0,0,0,0,0,0,0,0,0,0,0,0,0,0,15
uniform,15,123079,G21A,True,15,6956.779586512204,29248.897932561023,174,162,0,0,0,15,15,0,9,1,0,0,11657.447779163951,5966.239618598083,10924.239297105618,700.9712376933703,145,14,15
uniform,15,123080,G25OR-S21,True,15,6213.5218707930035,25292.609353965014,181,175,0,0,0,0,0,0,0,0,0,0,0,0,0,0,0,0,15
uniform,15,123080,G21A,True,15,6602.009893869358,27510.049469346777,173,160,0,0,0,15,15,0,8,3,0,0,11866.83163803691,5714.954128101514,7584.182899587173,2344.0808036211806,147,11,15
uniform,15,123081,G25OR-S21,True,15,6360.870987351256,25879.35493675628,186,180,0,0,0,0,0,0,0,0,0,0,0,0,0,0,0,0,15
uniform,15,123081,G21A,True,15,7313.401065582606,30847.005327913015,180,169,0,0,0,15,15,0,9,2,0,0,10923.532693275627,6477.048585900113,11813.481133039812,1632.942915697462,152,13,15
uniform,15,123082,G25OR-S21,True,15,6568.360144787626,26891.800723938122,187,180,0,0,0,0,0,0,0,0,0,0,0,0,0,0,0,0,15
uniform,15,123082,G21A,True,15,6686.127004109469,27750.635020547346,179,166,0,0,0,15,15,0,8,2,0,0,12944.25909647303,4698.619556404138,9289.011884474021,818.7444831961575,151,13,15
uniform,15,123083,G25OR-S21,True,15,6394.06014330659,26055.30071653294,186,178,0,0,0,0,0,0,0,0,0,0,0,0,0,0,0,0,15
uniform,15,123083,G21A,True,15,6422.579579582637,26527.897897913186,176,162,0,0,0,15,15,0,7,3,0,0,13050.663632985246,4583.56888458902,7053.477253214569,1840.188127124351,149,12,15
uniform,15,123084,G25OR-S21,True,15,6721.593030081304,27352.965150406537,197,191,0,0,0,0,0,0,0,0,0,0,0,0,0,0,0,0,15
uniform,15,123084,G21A,True,15,6656.431562641137,27417.157813205686,185,173,0,0,0,15,15,0,9,5,0,0,10917.078988243164,6103.85069148357,8356.933602549365,2039.2945309295867,160,10,15
uniform,15,123085,G25OR-S21,True,15,6508.036536345343,26945.182681726707,175,169,0,0,0,0,0,0,0,0,0,0,0,0,0,0,0,0,15
uniform,15,123085,G21A,True,15,6886.723558315042,29108.617791575212,167,155,0,0,0,15,15,0,9,3,0,0,11810.326477892531,5803.405868146796,9988.739910512431,1506.1455350234548,140,12,15
uniform,15,123086,G25OR-S21,True,15,6532.35294690762,27051.764734538097,176,167,0,0,0,0,0,0,0,0,0,0,0,0,0,0,0,0,15
uniform,15,123086,G21A,True,15,6910.57718504228,29062.8859252114,173,158,0,0,0,15,15,0,8,5,0,0,11727.281231644702,5311.279599779638,7308.931909910836,4715.3931838762255,146,12,15
uniform,15,123087,G25OR-S21,True,15,6506.979580580072,27034.89790290035,172,165,0,0,0,0,0,0,0,0,0,0,0,0,0,0,0,0,15
uniform,15,123087,G21A,True,15,6426.779228835254,26758.896144176266,169,155,0,0,0,15,14,1,8,3,0,0,11710.809617199975,5661.568299974545,7341.940667529903,2044.5775594718416,141,13,15
uniform,15,123088,G25OR-S21,True,15,6303.011335060688,25720.05667530344,182,174,0,0,0,0,0,0,0,0,0,0,0,0,0,0,0,0,15
uniform,15,123088,G21A,True,15,6382.308056298731,26481.540281493657,171,156,0,0,0,15,15,0,8,1,0,0,11695.053232746628,5987.541081031235,8148.01684668463,650.929121031164,141,15,15
uniform,15,123089,G25OR-S21,True,15,6538.259543801325,27011.297719006623,178,171,0,0,0,0,0,0,0,0,0,0,0,0,0,0,0,0,15
uniform,15,123089,G21A,True,15,6630.831913755251,27679.159568776242,172,160,0,0,0,15,15,0,9,3,0,0,11489.448072106572,5855.3785127924475,8243.260320626447,2091.0726632507753,145,12,15
uniform,16,123090,G25OR-S21,True,16,4067.6249846980127,16858.124923490068,104,96,0,0,0,0,0,0,0,0,0,0,0,0,0,0,0,0,16
uniform,16,123090,G21A,True,16,4138.885182896271,17189.42591448136,105,96,0,0,0,12,12,0,5,0,0,0,1246.8819343885548,3571.1311545942567,12047.986471329541,323.4263541690052,70,23,16
uniform,16,123091,G25OR-S21,True,16,4306.894579658468,17739.47289829233,114,109,0,0,0,0,0,0,0,0,0,0,0,0,0,0,0,0,16
uniform,16,123091,G21A,True,16,4256.580226691605,17707.90113345802,107,100,0,0,0,12,12,0,6,2,0,0,1692.7531387861873,3648.609424067624,10976.613667117104,1389.9249034871045,76,19,16
uniform,16,123092,G25OR-S21,True,16,3867.134709814216,15700.67354907108,109,102,0,0,0,0,0,0,0,0,0,0,0,0,0,0,0,0,16
uniform,16,123092,G21A,True,16,4023.766498997505,16643.832494987524,104,95,0,0,0,11,11,0,6,3,0,0,667.8688371058086,3350.1114037106913,10019.189763426346,2606.662490744678,73,20,16
uniform,16,123093,G25OR-S21,True,16,3745.9444935378965,15054.722467689477,110,105,0,0,0,0,0,0,0,0,0,0,0,0,0,0,0,0,16
uniform,16,123093,G21A,True,16,3726.7338091363827,15113.669045681912,105,99,0,0,0,12,12,0,7,3,0,0,878.8967357935921,4240.998713129804,8324.874823208713,1668.898773549803,75,18,16
uniform,16,123094,G25OR-S21,True,16,3795.3123113030106,15846.561556515051,92,86,0,0,0,0,0,0,0,0,0,0,0,0,0,0,0,0,16
uniform,16,123094,G21A,True,16,3883.2155223263426,16321.077611631707,91,84,0,0,0,12,12,0,6,4,0,0,2391.807853389687,3190.2078533896865,7949.496691807145,2789.565213045188,62,17,16
uniform,16,123095,G25OR-S21,True,16,3483.171220653153,14120.856103265762,97,94,0,0,0,0,0,0,0,0,0,0,0,0,0,0,0,0,16
uniform,16,123095,G21A,True,16,3510.3046747567746,14501.523373783868,89,85,0,0,0,15,15,0,6,6,0,1,1553.1372182615296,3381.208507838827,5347.826348652029,4219.351299031483,62,12,16
uniform,16,123096,G25OR-S21,True,16,4512.855829947113,18604.27914973556,119,117,0,0,0,0,0,0,0,0,0,0,0,0,0,0,0,0,16
uniform,16,123096,G21A,True,16,4620.614902991334,19288.07451495667,115,108,0,0,0,13,13,0,6,4,0,0,1459.1196060904874,3990.5434430901996,9770.20550173142,4068.2059640445614,87,15,16
uniform,16,123097,G25OR-S21,True,16,4156.60093687597,17168.004684379845,108,103,0,0,0,0,0,0,0,0,0,0,0,0,0,0,0,0,16
uniform,16,123097,G21A,True,16,4594.266196275369,19356.330981376846,108,103,0,0,0,14,14,0,6,0,0,0,1232.1434648685672,4349.872241910807,13310.695939569669,463.6193350278036,76,18,16
uniform,16,123098,G25OR-S21,True,16,3926.277639163968,15651.388195819842,120,116,0,0,0,0,0,0,0,0,0,0,0,0,0,0,0,0,16
uniform,16,123098,G21A,True,16,3997.148778428568,16125.743892142835,116,112,0,0,0,13,13,0,7,5,0,0,496.4721641168919,4298.842807676005,7947.4991556196655,3382.929764730273,89,14,16
uniform,16,123099,G25OR-S21,True,16,4323.566211574541,17402.831057872707,128,123,0,0,0,0,0,0,0,0,0,0,0,0,0,0,0,0,16
uniform,16,123099,G21A,True,16,4266.000818478277,17235.004092391388,124,119,0,0,0,14,13,1,7,5,0,2,1921.1081030920152,4030.6107329659058,9214.338828539416,2068.9464277940506,96,14,16
uniform,16,123100,G25OR-S21,True,16,3863.5788601623312,16082.894300811655,95,92,0,0,0,0,0,0,0,0,0,0,0,0,0,0,0,0,16
uniform,16,123100,G21A,True,16,3978.991107087034,16854.955535435172,89,83,0,0,0,13,13,0,6,5,0,0,1075.148828465682,3077.821271089297,9855.250016143287,2846.735419736907,60,16,16
uniform,16,123101,G25OR-S21,True,16,4240.117997022326,17125.589985111626,123,120,0,0,0,0,0,0,0,0,0,0,0,0,0,0,0,0,16
uniform,16,123101,G21A,True,16,4311.176875339727,17560.88437669864,121,114,0,0,0,11,11,0,6,2,0,0,1080.598530652551,3833.9350701179587,11394.906862431817,1251.4439134963125,91,19,16
uniform,16,123102,G25OR-S21,True,16,4122.356905079885,17211.784525399427,101,95,0,0,0,0,0,0,0,0,0,0,0,0,0,0,0,0,16
uniform,16,123102,G21A,True,16,3993.545638938011,16642.728194690062,99,90,0,0,0,10,10,0,5,1,0,0,252.60052355931248,3801.409947626936,11672.449970375586,916.267753128227,66,23,16
uniform,16,123103,G25OR-S21,True,16,4457.885474839946,18284.427374199742,121,116,0,0,0,0,0,0,0,0,0,0,0,0,0,0,0,0,16
uniform,16,123103,G21A,True,16,4448.806033082588,18384.030165412943,116,112,0,0,0,13,13,0,6,5,0,0,1093.0034031355315,4489.012303643842,9388.065819730858,3413.9486389027124,89,14,16
uniform,16,123104,G25OR-S21,True,16,3838.732145284658,15098.660726423293,124,119,0,0,0,0,0,0,0,0,0,0,0,0,0,0,0,0,16
uniform,16,123104,G21A,True,16,4013.314287749676,16176.571438748379,117,113,0,0,0,13,13,0,7,1,0,0,1198.527271449706,4201.957948223477,10217.18960201994,558.8966170552562,86,18,16
edge,10,123105,G25OR-S21,True,10,6047.636451499385,21653.182257496926,279,272,0,0,0,0,0,0,0,0,0,0,0,0,0,0,0,0,10
edge,10,123105,G21A,True,10,6886.488822910562,25892.4441145528,279,263,0,0,0,10,9,1,7,2,0,1,12838.241389614539,4471.044790095097,7663.661278335247,919.4966565079176,259,10,10
edge,10,123106,G25OR-S21,True,10,6809.1760596258555,25050.88029812928,293,284,0,0,0,0,0,0,0,0,0,0,0,0,0,0,0,0,10
edge,10,123106,G21A,True,10,6976.385609532799,26086.928047664,288,269,0,0,0,10,8,2,6,1,0,0,13891.9948850199,3520.401076548204,7989.760897170112,684.7711889257862,265,13,10
edge,10,123107,G25OR-S21,True,10,6780.843627628781,25064.2181381439,288,278,0,0,0,0,0,0,0,0,0,0,0,0,0,0,0,0,10
edge,10,123107,G21A,True,10,7327.809377881835,27994.04688940918,283,264,0,0,0,10,7,3,6,2,0,0,13938.855413812367,2919.8088253655974,9841.350896448293,1294.0317537829214,260,13,10
edge,10,123108,G25OR-S21,True,10,6784.968501138773,25044.842505693865,289,281,0,0,0,0,0,0,0,0,0,0,0,0,0,0,0,0,10
edge,10,123108,G21A,True,10,7155.906031080344,27114.530155401717,284,263,0,0,0,10,6,4,7,1,0,0,13589.954062451188,3678.232905745385,8978.66475223894,867.6784349662048,258,16,10
edge,10,123109,G25OR-S21,True,10,6521.751056191879,23788.755280959394,287,279,0,0,0,0,0,0,0,0,0,0,0,0,0,0,0,0,10
edge,10,123109,G21A,True,10,7112.371061465978,26916.85530732988,283,264,0,0,0,10,8,2,7,1,0,0,13162.902817309809,4486.502608136955,8789.262739638354,478.1871422447621,260,13,10
edge,10,123110,G25OR-S21,True,10,6669.085756014155,24520.428780070768,287,280,0,0,0,0,0,0,0,0,0,0,0,0,0,0,0,0,10
edge,10,123110,G21A,True,10,7020.714500945305,26523.572504726533,280,266,0,0,0,10,10,0,7,2,0,0,13032.217619453424,4275.009876807886,8414.587344480438,801.7576639847839,262,8,10
edge,10,123111,G25OR-S21,True,10,6976.799377337591,26018.996886687954,288,283,0,0,0,0,0,0,0,0,0,0,0,0,0,0,0,0,10
edge,10,123111,G21A,True,10,7397.956743237784,28299.78371618893,285,263,0,0,0,10,6,4,7,1,0,0,13345.852860278766,4396.5779568762155,10161.476788347816,395.87611068613114,258,17,10
edge,10,123112,G25OR-S21,True,10,6390.954401634539,23214.77200817269,284,278,0,0,0,0,0,0,0,0,0,0,0,0,0,0,0,0,10
edge,10,123112,G21A,True,10,7175.867153059068,27414.33576529533,277,258,0,0,0,10,8,2,7,1,0,0,12309.973512863033,5046.925984582422,9277.829474176335,779.6067936735408,254,13,10
edge,10,123113,G25OR-S21,True,10,6653.701270964742,24273.50635482372,293,284,0,0,0,0,0,0,0,0,0,0,0,0,0,0,0,0,10
edge,10,123113,G21A,True,10,6761.205814257442,25001.02907128721,288,271,0,0,0,10,8,2,8,3,0,0,11468.94870189167,4941.276159948392,6864.036407432795,1726.7678020143503,267,11,10
edge,10,123114,G25OR-S21,True,10,6900.417316635992,25342.086583179953,298,292,0,0,0,0,0,0,0,0,0,0,0,0,0,0,0,0,10
edge,10,123114,G21A,True,10,7504.3939133429,28631.969566714488,291,273,0,0,0,10,7,3,9,1,0,1,12799.810305918541,5128.311120330202,10472.123764780019,231.72437568572423,266,15,10
edge,10,123115,G25OR-S21,True,10,6911.053096134573,26090.265480672868,275,268,0,0,0,0,0,0,0,0,0,0,0,0,0,0,0,0,10
edge,10,123115,G21A,True,10,7393.9432418355145,28579.71620917755,275,253,0,0,0,10,6,4,6,0,0,0,14846.373422731662,3062.5566421641834,10437.786873208264,232.99927107344047,248,17,10
edge,10,123116,G25OR-S21,True,10,6570.201755418088,24211.008777090447,281,273,0,0,0,0,0,0,0,0,0,0,0,0,0,0,0,0,10
edge,10,123116,G21A,True,10,7106.483686745029,26877.418433725165,283,266,0,0,0,10,8,2,8,3,0,0,11735.019289787333,5146.076096854669,8773.352481233429,1222.9705658497342,262,11,10
edge,10,123117,G25OR-S21,True,10,6529.926403958321,23679.63201979161,292,284,0,0,0,0,0,0,0,0,0,0,0,0,0,0,0,0,10
edge,10,123117,G21A,True,10,7177.400137029373,26982.000685146853,292,271,0,0,0,10,7,3,6,3,0,1,13390.043983728849,3341.4392184690873,8195.371687779643,2055.1457951692746,270,12,10
edge,10,123118,G25OR-S21,True,10,6781.362108229844,25046.810541149203,288,282,0,0,0,0,0,0,0,0,0,0,0,0,0,0,0,0,10
edge,10,123118,G21A,True,10,7115.314230885136,26876.571154425685,285,265,0,0,0,10,7,3,7,0,0,0,13088.352663806963,4820.577401088881,8744.28633790607,223.35475162377043,259,16,10
edge,10,123119,G25OR-S21,True,10,6881.1926047676625,25505.96302383832,290,280,0,0,0,0,0,0,0,0,0,0,0,0,0,0,0,0,10
edge,10,123119,G21A,True,10,7191.770270404846,27268.851352024234,284,268,0,0,0,10,9,1,7,0,0,0,13708.26419190934,4200.665872986504,9148.044947081875,211.8763400465141,262,12,10
edge,11,123120,G25OR-S21,True,11,6910.392950902281,26246.9647545114,269,261,0,0,0,0,0,0,0,0,0,0,0,0,0,0,0,0,11
edge,11,123120,G21A,True,11,7017.436791776218,26922.183958881094,266,248,0,0,0,11,9,2,7,3,0,0,13344.966812936214,3697.392201406431,8773.10520466889,1106.719739869559,243,12,11
edge,11,123121,G25OR-S21,True,11,6641.375821794152,24501.879108970756,282,276,0,0,0,0,0,0,0,0,0,0,0,0,0,0,0,0,11
edge,11,123121,G21A,True,11,6932.047097449039,26145.235487245194,278,258,0,0,0,11,8,3,8,0,0,0,13071.716355261111,4837.213709634738,7998.516749977956,237.7886723713891,251,16,11
edge,11,123122,G25OR-S21,True,11,6850.4705236515065,25552.352618257533,282,275,0,0,0,0,0,0,0,0,0,0,0,0,0,0,0,0,11
edge,11,123122,G21A,True,11,6628.550574499713,24742.75287249856,274,255,0,0,0,11,9,2,7,3,0,0,12500.526313546465,4496.0410188136575,6424.807510151128,1321.3780299873106,251,12,11
edge,11,123123,G25OR-S21,True,11,6445.665399434878,23323.326997174394,289,281,0,0,0,0,0,0,0,0,0,0,0,0,0,0,0,0,11
edge,11,123123,G21A,True,11,7429.058942083838,28370.294710419184,287,265,0,0,0,11,7,4,7,3,0,0,12156.820221968454,5017.9356191708985,8920.697414660393,2274.841454619439,260,16,11
edge,11,123124,G25OR-S21,True,11,7053.9725103298,26559.862551649003,282,277,0,0,0,0,0,0,0,0,0,0,0,0,0,0,0,0,11
edge,11,123124,G21A,True,11,7206.355130105467,27646.775650527317,273,257,0,0,0,11,9,2,8,1,0,0,13277.01199944439,4320.154826890657,9482.614137806839,566.9946863854311,249,13,11
edge,11,123125,G25OR-S21,True,11,6902.937098834647,25964.685494173224,277,270,0,0,0,0,0,0,0,0,0,0,0,0,0,0,0,0,11
edge,11,123125,G21A,True,11,7345.798798870554,28388.993994352768,272,253,0,0,0,11,10,1,6,1,0,0,14073.0578792096,3497.6956023865587,10191.12383904976,627.1166737068488,249,12,11
edge,11,123126,G25OR-S21,True,11,6761.586223525414,25342.931117627064,274,268,0,0,0,0,0,0,0,0,0,0,0,0,0,0,0,0,11
edge,11,123126,G21A,True,11,6948.991401889548,26509.95700944774,268,252,0,0,0,11,10,1,8,1,0,0,11924.387585051529,5679.302972793568,8372.57408270178,533.6923689008618,245,12,11
edge,11,123127,G25OR-S21,True,11,6842.137357207109,26010.68678603554,265,260,0,0,0,0,0,0,0,0,0,0,0,0,0,0,0,0,11
edge,11,123127,G21A,True,11,6715.294024457816,25581.47012228907,260,244,0,0,0,11,10,1,7,3,0,0,12063.535177430354,4850.193897147952,7450.15820187908,1217.5828458316837,239,10,11
edge,11,123128,G25OR-S21,True,11,6627.706636249059,24513.53318124529,280,270,0,0,0,0,0,0,0,0,0,0,0,0,0,0,0,0,11
edge,11,123128,G21A,True,11,7148.728301334185,27208.641506670934,278,262,0,0,0,11,10,1,7,0,0,0,13199.368541185793,4709.561523710052,9061.478406326492,238.23303544859664,254,13,11
edge,11,123129,G25OR-S21,True,11,7034.706428148485,26708.53214074242,274,268,0,0,0,0,0,0,0,0,0,0,0,0,0,0,0,0,11
edge,11,123129,G21A,True,11,7308.560137494283,28407.800687471405,265,247,0,0,0,11,8,3,7,0,0,0,13098.255474583524,4810.674590312321,10183.708436934161,315.16218564139854,238,16,11
edge,11,123130,G25OR-S21,True,11,6223.858694238583,22444.29347119292,281,275,0,0,0,0,0,0,0,0,0,0,0,0,0,0,0,0,11
edge,11,123130,G21A,True,11,7144.99248572798,27274.962428639905,275,260,0,0,0,11,10,1,7,1,0,0,12887.595199169094,4597.679423848127,9064.91251691497,724.7752887077131,253,11,11
edge,11,123131,G25OR-S21,True,11,6488.109001828022,24160.54500914011,268,261,0,0,0,0,0,0,0,0,0,0,0,0,0,0,0,0,11
edge,11,123131,G21A,True,11,7314.8697733194285,28389.34886659714,267,247,0,0,0,11,8,3,6,3,0,0,12956.32632758135,4117.8452392632835,8958.085784459596,2357.091515292913,242,14,11
edge,11,123132,G25OR-S21,True,11,6946.434636978277,26142.17318489137,278,273,0,0,0,0,0,0,0,0,0,0,0,0,0,0,0,0,11
edge,11,123132,G21A,True,11,7157.639312232034,27573.19656116017,268,248,0,0,0,11,8,3,7,1,0,0,13112.146000405328,4553.176484860084,9416.410426320537,491.46364957421974,242,15,11
edge,11,123133,G25OR-S21,True,11,6723.175455398363,25065.87727699181,277,270,0,0,0,0,0,0,0,0,0,0,0,0,0,0,0,0,11
edge,11,123133,G21A,True,11,7225.23860851218,27756.19304256089,273,254,0,0,0,11,8,3,6,3,0,0,13216.756552080578,3953.581849733314,9302.979571145625,1282.8750696013758,249,13,11
edge,11,123134,G25OR-S21,True,11,6978.529787440679,26247.64893720339,280,274,0,0,0,0,0,0,0,0,0,0,0,0,0,0,0,0,11
edge,11,123134,G21A,True,11,7373.990532953818,28464.95266476908,274,256,0,0,0,11,9,2,8,1,0,0,12867.60501068863,4794.843793391235,10293.849930597957,508.6539300912591,249,14,11
edge,12,123135,G25OR-S21,True,12,6133.727584386112,22603.637921930567,260,253,0,0,0,0,0,0,0,0,0,0,0,0,0,0,0,0,12
edge,12,123135,G21A,True,12,6981.675451536596,27053.377257682965,254,241,0,0,0,12,11,1,10,1,0,0,11680.14015367258,5842.397478892772,8880.168751377423,650.6708737401905,229,13,12
edge,12,123136,G25OR-S21,True,12,6773.351298724974,25791.756493624856,260,255,0,0,0,0,0,0,0,0,0,0,0,0,0,0,0,0,12
edge,12,123136,G21A,True,12,7164.193974069916,28050.96987034958,252,234,0,0,0,12,10,2,8,2,0,0,13188.40925144304,4326.8549306610175,9525.55341365109,1010.152274594433,225,15,12
edge,12,123137,G25OR-S21,True,12,6175.796794253292,22228.98397126646,280,270,0,0,0,0,0,0,0,0,0,0,0,0,0,0,0,0,12
edge,12,123137,G21A,True,12,6433.759868180171,23828.79934090086,271,253,0,0,0,12,10,2,7,3,0,0,12658.918652799957,4572.110763453405,5653.568821083765,944.2011035637324,247,12,12
edge,12,123138,G25OR-S21,True,12,6663.580594601939,24982.902973009688,269,262,0,0,0,0,0,0,0,0,0,0,0,0,0,0,0,0,12
edge,12,123138,G21A,True,12,7214.359915536837,27991.7995776842,262,246,0,0,0,12,10,2,7,2,0,0,13429.167179714308,4189.881387057651,9719.475783467991,653.27522744425,238,12,12
edge,12,123139,G25OR-S21,True,12,6606.794227272318,24788.97113636159,266,259,0,0,0,0,0,0,0,0,0,0,0,0,0,0,0,0,12
edge,12,123139,G21A,True,12,7052.5810966531235,27422.90548326561,254,238,0,0,0,12,10,2,8,1,0,0,12936.784243930826,4807.629652272836,9249.244684553341,429.2469025086066,228,14,12
edge,12,123140,G25OR-S21,True,12,7048.587636242482,26662.938181212394,277,271,0,0,0,0,0,0,0,0,0,0,0,0,0,0,0,0,12
edge,12,123140,G21A,True,12,7342.970232538791,28324.851162693943,273,253,0,0,0,12,8,4,7,1,0,0,13195.547119414297,4371.209011209305,10132.925186912857,625.1698451574848,244,17,12
edge,12,123141,G25OR-S21,True,12,6666.526584959609,25117.63292479804,265,258,0,0,0,0,0,0,0,0,0,0,0,0,0,0,0,0,12
edge,12,123141,G21A,True,12,7036.045266660707,27360.226333303526,254,234,0,0,0,12,9,3,8,1,0,0,11782.516454030865,5587.572258584211,9209.86714694781,780.2704737406384,224,18,12
edge,12,123142,G25OR-S21,True,12,6941.625405238505,26758.127026192524,256,250,0,0,0,0,0,0,0,0,0,0,0,0,0,0,0,0,12
edge,12,123142,G21A,True,12,7252.148448561844,28430.742242809196,254,236,0,0,0,12,10,2,7,5,0,0,11950.59678124807,5069.511249085039,7620.926401944176,3789.7078105319106,231,11,12
edge,12,123143,G25OR-S21,True,12,6275.103825926319,22810.5191296316,277,268,0,0,0,0,0,0,0,0,0,0,0,0,0,0,0,0,12
edge,12,123143,G21A,True,12,6488.708700433661,24038.543502168282,273,256,0,0,0,12,10,2,8,1,0,0,13460.964320590565,4027.7562029350597,5858.946559407574,690.8764192350845,246,15,12
edge,12,123144,G25OR-S21,True,12,6684.121509278029,25345.60754639015,260,255,0,0,0,0,0,0,0,0,0,0,0,0,0,0,0,0,12
edge,12,123144,G21A,True,12,7123.854207049486,27689.27103524742,257,241,0,0,0,12,10,2,9,1,0,0,11378.397331024138,6200.781225909786,9539.893736931277,570.1987413822189,230,15,12
edge,12,123145,G25OR-S21,True,12,6458.150434433612,23670.752172168057,279,269,0,0,0,0,0,0,0,0,0,0,0,0,0,0,0,0,12
edge,12,123145,G21A,True,12,7334.737366731216,28278.686833656062,273,254,0,0,0,12,10,2,6,2,0,0,13962.650910059592,3681.4724934123533,9626.036175004578,1008.5272551795388,247,14,12
edge,12,123146,G25OR-S21,True,12,6955.573768057214,26732.868840286064,259,254,0,0,0,0,0,0,0,0,0,0,0,0,0,0,0,0,12
edge,12,123146,G21A,True,12,6982.934200863073,27304.67100431537,246,232,0,0,0,12,11,1,7,2,0,0,12333.09790036909,4794.7994673021385,9126.472658008392,1050.3009786357488,222,12,12
edge,12,123147,G25OR-S21,True,12,6855.369009030859,26171.845045154296,261,256,0,0,0,0,0,0,0,0,0,0,0,0,0,0,0,0,12
edge,12,123147,G21A,True,12,7129.583897256926,27902.91948628463,251,234,0,0,0,12,10,2,8,0,0,0,12658.851620935395,5250.078443960454,9740.168999925765,253.82042146301683,223,16,12
edge,12,123148,G25OR-S21,True,12,6389.020978507099,23840.104892535495,261,256,0,0,0,0,0,0,0,0,0,0,0,0,0,0,0,0,12
edge,12,123148,G21A,True,12,6928.113028938305,26735.56514469152,256,241,0,0,0,12,10,2,10,3,0,0,9823.66473230682,6397.876190384593,8559.902248149749,1954.1219738503614,231,13,12
edge,12,123149,G25OR-S21,True,12,7028.121539478992,26640.60769739496,274,270,0,0,0,0,0,0,0,0,0,0,0,0,0,0,0,0,12
edge,12,123149,G21A,True,12,7424.821054603095,28874.105273015473,268,250,0,0,0,12,9,3,9,2,0,0,11744.67311617146,5656.760759819632,10092.03225844297,1380.6391385814113,240,16,12
edge,13,123150,G25OR-S21,True,13,6883.808160829958,26564.04080414979,252,246,0,0,0,0,0,0,0,0,0,0,0,0,0,0,0,0,13
edge,13,123150,G21A,True,13,7249.530892218041,28522.654461090195,250,230,0,0,0,13,10,3,9,3,0,1,11560.29138262283,5254.403890170218,10192.847378142022,1515.1118101551237,221,16,13
edge,13,123151,G25OR-S21,True,13,6879.681317295704,26633.406586478508,249,243,0,0,0,0,0,0,0,0,0,0,0,0,0,0,0,0,13
edge,13,123151,G21A,True,13,7295.489798820735,28857.44899410368,247,224,0,0,0,13,8,5,8,1,0,0,11299.760518402318,6049.662388991958,10661.007411858209,847.0186748511969,212,22,13
edge,13,123152,G25OR-S21,True,13,7013.421304690646,26822.106523453218,265,259,0,0,0,0,0,0,0,0,0,0,0,0,0,0,0,0,13
edge,13,123152,G21A,True,13,7294.578828428683,28527.894142143414,257,239,0,0,0,13,10,3,9,0,0,0,13704.21477412231,4204.715290773537,10329.567265091013,289.3968121565522,225,19,13
edge,13,123153,G25OR-S21,True,13,6798.6720797184325,26063.36039859217,255,246,0,0,0,0,0,0,0,0,0,0,0,0,0,0,0,0,13
edge,13,123153,G21A,True,13,7003.034487749301,27400.172438746496,246,228,0,0,0,13,11,2,7,0,0,0,14106.291014059823,3802.639050836022,9206.436867348664,284.8055065019871,216,17,13
edge,13,123154,G25OR-S21,True,13,6422.5205919934615,24412.6029599673,247,240,0,0,0,0,0,0,0,0,0,0,0,0,0,0,0,0,13
edge,13,123154,G21A,True,13,6821.937229283676,26684.68614641838,239,225,0,0,0,13,13,0,8,4,0,0,11661.000567470226,5311.5581733234385,7490.307873533955,2221.819532090759,217,9,13
edge,13,123155,G25OR-S21,True,13,6447.0685413477295,24585.342706738644,245,240,0,0,0,0,0,0,0,0,0,0,0,0,0,0,0,0,13
edge,13,123155,G21A,True,13,6842.022552395187,26800.112761975917,239,222,0,0,0,13,11,2,8,0,0,0,13444.24359940903,4464.686465486816,8624.346055340717,266.8366417393554,209,17,13
edge,13,123156,G25OR-S21,True,13,6798.336390478394,25896.68195239196,260,254,0,0,0,0,0,0,0,0,0,0,0,0,0,0,0,0,13
edge,13,123156,G21A,True,13,7400.350594439133,29176.75297219565,254,230,0,0,0,13,8,5,7,2,0,0,12355.052098809394,4692.282700586145,11000.949896010006,1128.4682767901031,220,21,13
edge,13,123157,G25OR-S21,True,13,6849.502966468013,26447.51483234006,250,245,0,0,0,0,0,0,0,0,0,0,0,0,0,0,0,0,13
edge,13,123157,G21A,True,13,7267.210301225164,28741.051506125812,246,224,0,0,0,13,9,4,9,3,0,1,11118.598908412501,6184.269862282086,9887.007116392793,1551.1756190384303,215,18,13
edge,13,123158,G25OR-S21,True,13,7034.562720033442,27357.813600167214,251,243,0,0,0,0,0,0,0,0,0,0,0,0,0,0,0,0,13
edge,13,123158,G21A,True,13,7255.698140619632,28843.490703098185,240,222,0,0,0,13,11,2,6,0,0,0,15247.538295613504,2661.3917692823416,10656.085791505862,278.47484669647747,210,17,13
edge,13,123159,G25OR-S21,True,13,6357.409419002385,23727.047095011927,259,252,0,0,0,0,0,0,0,0,0,0,0,0,0,0,0,0,13
edge,13,123159,G21A,True,13,7029.235195699386,27406.175978496947,250,233,0,0,0,13,11,2,8,5,0,0,10996.083102566889,5263.296584950693,8509.592756077014,2637.203534902351,225,12,13
edge,13,123160,G25OR-S21,True,13,6906.1602554010315,26540.801277005157,256,253,0,0,0,0,0,0,0,0,0,0,0,0,0,0,0,0,13
edge,13,123160,G21A,True,13,7394.567900423847,29212.839502119245,251,232,0,0,0,13,8,5,10,2,0,0,11281.410691475288,5702.5640183374,11055.673760020789,1173.1910322857675,219,19,13
edge,13,123161,G25OR-S21,True,13,6872.3939616965545,26416.969808482776,255,249,0,0,0,0,0,0,0,0,0,0,0,0,0,0,0,0,13
edge,13,123161,G21A,True,13,7136.6802447558875,28108.401223779427,245,225,0,0,0,13,10,3,8,0,0,0,12977.675364330737,4931.254700565109,9930.085260545336,269.38589833824517,213,19,13
edge,13,123162,G25OR-S21,True,13,6554.187040914766,24620.93520457382,262,255,0,0,0,0,0,0,0,0,0,0,0,0,0,0,0,0,13
edge,13,123162,G21A,True,13,7249.615047794637,28418.075238973186,253,236,0,0,0,13,11,2,7,3,0,1,13005.66630286884,4385.246155492081,9252.116854932541,1775.045925679724,226,14,13
edge,13,123163,G25OR-S21,True,13,7028.926559546381,27404.632797731916,248,243,0,0,0,0,0,0,0,0,0,0,0,0,0,0,0,0,13
edge,13,123163,G21A,True,13,7129.031273503331,28170.156367516654,241,225,0,0,0,13,11,2,9,0,0,0,11661.414458135425,6247.51560676042,10000.818281172298,260.40802144851114,211,17,13
edge,13,123164,G25OR-S21,True,13,6552.421524098108,24967.107620490537,250,244,0,0,0,0,0,0,0,0,0,0,0,0,0,0,0,0,13
edge,13,123164,G21A,True,13,7134.51116083746,28197.5558041873,242,220,0,0,0,13,9,4,7,1,0,0,13139.931603366575,4189.881387057651,10013.465344298504,854.2774694645723,209,20,13
edge,14,123165,G25OR-S21,True,14,5842.310002771867,21871.55001385935,234,228,0,0,0,0,0,0,0,0,0,0,0,0,0,0,0,0,14
edge,14,123165,G21A,True,14,7282.6471417219045,29293.23570860954,229,209,0,0,0,14,10,4,8,2,0,1,11365.14803071967,5931.7072607247665,10972.500530547,1023.8798866181023,196,19,14
edge,14,123166,G25OR-S21,True,14,6852.395333849238,26896.976669246174,235,228,0,0,0,0,0,0,0,0,0,0,0,0,0,0,0,0,14
edge,14,123166,G21A,True,14,6908.974992326725,27664.874961633635,221,201,0,0,0,14,11,3,7,7,0,1,12616.625755838064,3825.336534100528,7717.838010117433,3505.0746615776106,194,13,14
edge,14,123167,G25OR-S21,True,14,6645.282308802896,25806.41154401447,236,234,0,0,0,0,0,0,0,0,0,0,0,0,0,0,0,0,14
edge,14,123167,G21A,True,14,6941.335804369499,27636.679021847493,227,209,0,0,0,14,11,3,9,1,0,0,13057.191483065168,4460.459960895525,9395.809286703476,723.2182911833243,195,18,14
edge,14,123168,G25OR-S21,True,14,6675.603982537856,25978.01991268928,236,230,0,0,0,0,0,0,0,0,0,0,0,0,0,0,0,0,14
edge,14,123168,G21A,True,14,6987.142537138081,27960.71268569041,224,205,0,0,0,14,11,3,7,4,0,1,13427.623252965492,3447.035090749224,9185.93494518545,1900.1193967902436,195,15,14
edge,14,123169,G25OR-S21,True,14,6940.0763117977,27420.3815589885,232,226,0,0,0,0,0,0,0,0,0,0,0,0,0,0,0,0,14
edge,14,123169,G21A,True,14,6900.633550186083,27448.16775093042,227,206,0,0,0,14,11,3,7,2,0,0,12216.365763996559,5047.73531317233,9238.437929785334,945.6287439761982,195,18,14
edge,14,123170,G25OR-S21,True,14,6995.754234002949,27118.771170014737,251,247,0,0,0,0,0,0,0,0,0,0,0,0,0,0,0,0,14
edge,14,123170,G21A,True,14,7253.886324145016,28804.431620725078,240,223,0,0,0,14,11,3,10,2,0,1,11613.423689205842,5793.0118078245205,10541.67121073274,856.3249129619753,208,18,14
edge,14,123171,G25OR-S21,True,14,6166.58820818443,23582.941040922142,231,225,0,0,0,0,0,0,0,0,0,0,0,0,0,0,0,0,14
edge,14,123171,G21A,True,14,6999.163168474632,27920.81584237316,227,210,0,0,0,14,11,3,9,1,0,0,11200.35720363158,6158.639848040618,9728.332360410503,833.4864302904571,195,18,14
edge,14,123172,G25OR-S21,True,14,6830.5722418688865,26677.86120934443,238,235,0,0,0,0,0,0,0,0,0,0,0,0,0,0,0,0,14
edge,14,123172,G21A,True,14,7225.45132846631,29012.25664233156,229,208,0,0,0,14,9,5,10,2,0,0,10934.553317392832,5951.569085820381,10789.579447714968,1336.5547914033777,194,21,14
edge,14,123173,G25OR-S21,True,14,6466.806975299566,25109.034876497826,230,225,0,0,0,0,0,0,0,0,0,0,0,0,0,0,0,0,14
edge,14,123173,G21A,True,14,7154.938785757279,28769.693928786382,225,206,0,0,0,14,10,4,10,2,0,0,11631.06119286663,5899.606468121904,9719.97576813228,1519.0504996655673,191,20,14
edge,14,123174,G25OR-S21,True,14,6817.635456643489,26623.17728321744,238,233,0,0,0,0,0,0,0,0,0,0,0,0,0,0,0,0,14
edge,14,123174,G21A,True,14,7257.025817757156,29075.129088785783,232,212,0,0,0,14,9,5,8,3,0,0,11866.558922898845,4865.503471382353,10837.278083265122,1505.7886112394626,199,19,14
edge,14,123175,G25OR-S21,True,14,6708.314226726404,25391.571133632002,261,255,0,0,0,0,0,0,0,0,0,0,0,0,0,0,0,0,14
edge,14,123175,G21A,True,14,6906.639222834,26763.196114170005,250,234,0,0,0,14,12,2,9,4,0,0,11046.105112155336,6624.346782356642,8370.463293922872,722.2809257351555,222,14,14
edge,14,123176,G25OR-S21,True,14,6743.177984062452,25970.889920312253,248,239,0,0,0,0,0,0,0,0,0,0,0,0,0,0,0,0,14
edge,14,123176,G21A,True,14,7260.15484529932,28970.774226496604,236,216,0,0,0,14,11,3,7,1,0,0,13772.308075784598,3722.194452115217,10780.126394186042,696.1453044107475,203,19,14
edge,14,123177,G25OR-S21,True,14,6663.136101357103,25520.68050678551,249,244,0,0,0,0,0,0,0,0,0,0,0,0,0,0,0,0,14
edge,14,123177,G21A,True,14,6914.269286674841,27256.346433374212,236,213,0,0,0,14,9,5,8,1,0,0,14258.244131674637,3374.7038602607427,9047.102683073786,576.2957583650459,200,22,14
edge,14,123178,G25OR-S21,True,14,6580.964728218853,25434.823641094263,238,234,0,0,0,0,0,0,0,0,0,0,0,0,0,0,0,0,14
edge,14,123178,G21A,True,14,7133.939513761096,28484.697568805477,231,212,0,0,0,14,10,4,9,1,0,0,12506.86947859942,5176.71102755494,10265.130580664412,535.9864819867062,197,20,14
edge,14,123179,G25OR-S21,True,14,6711.225791325565,26206.128956627814,234,230,0,0,0,0,0,0,0,0,0,0,0,0,0,0,0,0,14
edge,14,123179,G21A,True,14,7123.2074948364,28446.03747418198,231,209,0,0,0,14,9,5,9,3,0,0,10511.830845711767,6553.368251947789,9682.742195496852,1698.0961810255712,196,21,14
edge,15,123180,G25OR-S21,True,15,6828.969882621103,26919.84941310552,229,225,0,0,0,0,0,0,0,0,0,0,0,0,0,0,0,0,15
edge,15,123180,G21A,True,15,7133.098098493501,28795.4904924675,219,204,0,0,0,15,12,3,10,2,0,0,10573.890770961432,6795.350345402122,10500.209967340525,926.0394087634213,187,17,15
edge,15,123181,G25OR-S21,True,15,6988.525217918278,27832.626089591387,225,222,0,0,0,0,0,0,0,0,0,0,0,0,0,0,0,0,15
edge,15,123181,G21A,True,15,7305.560402417337,29732.802012086657,217,199,0,0,0,15,12,3,10,1,0,0,10646.783577165634,6898.910466156853,11539.097120350314,648.0108484138564,182,20,15
edge,15,123182,G25OR-S21,True,15,6689.254929647609,26471.274648238057,221,215,0,0,0,0,0,0,0,0,0,0,0,0,0,0,0,0,15
edge,15,123182,G21A,True,15,6845.889034723605,27649.445173618027,209,196,0,0,0,15,14,1,9,2,0,0,12162.516394141525,4955.577791797998,9434.01166612978,1097.339321548725,180,14,15
edge,15,123183,G25OR-S21,True,15,6759.8162868086065,26374.08143404302,236,230,0,0,0,0,0,0,0,0,0,0,0,0,0,0,0,0,15
edge,15,123183,G21A,True,15,7058.895044603478,28279.475223017405,225,203,0,0,0,15,11,4,8,2,0,0,12803.34884490398,4376.8621749121485,10061.963119956425,1037.3010832448526,189,21,15
edge,15,123184,G25OR-S21,True,15,6625.930142827451,26224.650714137257,219,211,0,0,0,0,0,0,0,0,0,0,0,0,0,0,0,0,15
edge,15,123184,G21A,True,15,6880.2481980915445,27926.240990457714,206,190,0,0,0,15,13,2,8,1,0,0,12616.15978041012,5081.445531042495,9667.868258973787,560.7674200313122,173,18,15
edge,15,123185,G25OR-S21,True,15,6577.530602504664,25907.653012523308,221,216,0,0,0,0,0,0,0,0,0,0,0,0,0,0,0,0,15
edge,15,123185,G21A,True,15,6782.506591397631,27272.532956988147,211,198,0,0,0,15,14,1,10,3,0,1,11257.827977062874,6065.494778350601,7313.1525198564705,2636.057681718201,182,14,15
edge,15,123186,G25OR-S21,True,15,6400.44220419744,25507.211020987197,205,199,0,0,0,0,0,0,0,0,0,0,0,0,0,0,0,0,15
edge,15,123186,G21A,True,15,6532.7576925789435,26373.78846289473,200,183,0,0,0,15,13,2,8,0,0,0,13970.878767466267,3938.051297429578,8155.095700153084,309.76269784579927,166,19,15
edge,15,123187,G25OR-S21,True,15,6137.7202579763925,23893.601289881957,215,209,0,0,0,0,0,0,0,0,0,0,0,0,0,0,0,0,15
edge,15,123187,G21A,True,15,6853.575317686072,27667.876588430354,210,195,0,0,0,15,14,1,9,0,0,0,11993.757325459701,5915.172739436143,9443.26123982013,315.6852837143779,178,17,15
edge,15,123188,G25OR-S21,True,15,6709.305006668779,26501.525033343896,223,219,0,0,0,0,0,0,0,0,0,0,0,0,0,0,0,0,15
edge,15,123188,G21A,True,15,7138.357198896177,28936.78599448088,216,196,0,0,0,15,11,4,9,0,0,0,12267.335250752341,5641.594814143503,10703.907205033509,323.94872455152654,179,22,15
edge,15,123189,G25OR-S21,True,15,6959.363835878931,27156.819179394653,243,238,0,0,0,0,0,0,0,0,0,0,0,0,0,0,0,0,15
edge,15,123189,G21A,True,15,7650.956262334803,30859.781311674,238,214,0,0,0,15,9,6,8,0,0,0,13346.587463032609,4562.34260186324,12604.285559417895,346.56568736025656,196,27,15
edge,15,123190,G25OR-S21,True,15,6875.182163694346,27280.910818471726,225,219,0,0,0,0,0,0,0,0,0,0,0,0,0,0,0,0,15
edge,15,123190,G21A,True,15,7334.6354726645095,29893.17736332257,217,196,0,0,0,15,11,4,8,0,0,0,12975.493307338093,4933.436757557753,11639.512532315879,344.734766110847,181,21,15
edge,15,123191,G25OR-S21,True,15,6536.160873734311,25445.80436867156,230,222,0,0,0,0,0,0,0,0,0,0,0,0,0,0,0,0,15
edge,15,123191,G21A,True,15,7071.558762523395,28482.79381261696,220,200,0,0,0,15,11,4,7,4,0,1,12807.575495126426,4462.197806279182,9909.046114554672,1303.9743966566793,188,17,15
edge,15,123192,G25OR-S21,True,15,6426.268257826341,25181.341289131695,220,215,0,0,0,0,0,0,0,0,0,0,0,0,0,0,0,0,15
edge,15,123192,G21A,True,15,7078.6793235787045,28668.39661789354,215,195,0,0,0,15,11,4,9,2,0,0,11244.178523150491,5828.191080310369,10484.613622130764,1111.4133923019162,179,21,15
edge,15,123193,G25OR-S21,True,15,6841.1517887356495,27045.75894367824,227,222,0,0,0,0,0,0,0,0,0,0,0,0,0,0,0,0,15
edge,15,123193,G21A,True,15,6828.521105786484,27462.60552893243,213,196,0,0,0,15,13,2,9,5,0,0,9858.32836280393,6251.8994683439,7726.739132379011,3625.6385654055875,184,14,15
edge,15,123194,G25OR-S21,True,15,6760.02322479821,26755.11612399105,223,219,0,0,0,0,0,0,0,0,0,0,0,0,0,0,0,0,15
edge,15,123194,G21A,True,15,6985.275334428098,28151.376672140475,216,200,0,0,0,15,12,3,10,2,0,0,10866.114777059782,6220.397415287559,9939.13120741444,1125.733272378695,184,17,15
edge,16,123195,G25OR-S21,True,16,5033.064242442589,19900.321212212948,165,148,0,0,0,0,0,0,0,0,0,0,0,0,0,0,0,0,16
edge,16,123195,G21A,True,16,5075.310871098139,20281.554355490716,160,139,0,0,0,8,4,4,5,0,0,0,3481.0085078388274,2865.009816737109,13502.03160508791,433.504425826869,120,32,16
edge,16,123196,G25OR-S21,True,16,4839.1328463529635,19280.66423176481,154,133,0,0,0,0,0,0,0,0,0,0,0,0,0,0,0,0,16
edge,16,123196,G21A,True,16,4774.54788135516,19102.739406775796,149,129,0,0,0,12,6,6,5,0,0,0,3191.8090689190585,3154.209255656877,12371.882756990639,384.8383252092217,107,30,16
edge,16,123197,G25OR-S21,True,16,5229.223200819421,20521.116004097115,178,155,0,0,0,0,0,0,0,0,0,0,0,0,0,0,0,0,16
edge,16,123197,G21A,True,16,4957.293045657039,19381.465228285204,170,151,0,0,0,10,7,3,4,0,0,0,3863.009816737109,2483.0085078388274,12710.465927251209,324.98097645805865,130,30,16
edge,16,123198,G25OR-S21,True,16,4879.1981708181675,18995.990854090836,169,155,0,0,0,0,0,0,0,0,0,0,0,0,0,0,0,0,16
edge,16,123198,G21A,True,16,4811.990846333246,18774.954231666223,165,152,0,0,0,8,7,1,6,0,0,0,2793.4061518219214,3552.612172754014,11980.6940520523,448.24185503798617,131,26,16
edge,16,123199,G25OR-S21,True,16,5028.029495528555,19400.14747764277,181,163,0,0,0,0,0,0,0,0,0,0,0,0,0,0,0,0,16
edge,16,123199,G21A,True,16,4916.358464279526,18956.79232139762,177,160,0,0,0,10,6,4,7,0,0,0,3328.2079842795138,3017.8103402964207,12168.398892145164,442.3751046765228,137,30,16
edge,16,123200,G25OR-S21,True,16,4513.067560051573,17510.337800257857,158,141,0,0,0,0,0,0,0,0,0,0,0,0,0,0,0,0,16
edge,16,123200,G21A,True,16,4553.915884959897,17779.57942479947,156,138,0,0,0,9,6,3,5,0,0,0,3137.207329830374,3208.8109947455614,11091.04045586224,342.52064436129604,117,30,16
edge,16,123201,G25OR-S21,True,16,5049.3536579784295,19831.76828989216,171,148,0,0,0,0,0,0,0,0,0,0,0,0,0,0,0,0,16
edge,16,123201,G21A,True,16,4681.291974700797,18236.459873503998,162,144,0,0,0,10,7,3,5,0,0,0,3251.8077224998588,3094.2106020760775,11458.444669708275,431.99687921978693,123,29,16
edge,16,123202,G25OR-S21,True,16,4669.077302315893,18425.38651157947,154,134,0,0,0,0,0,0,0,0,0,0,0,0,0,0,0,0,16
edge,16,123202,G21A,True,16,4589.852948884627,18104.264744423133,151,134,0,0,0,8,6,2,6,0,0,0,2182.204057584672,3399.8116491947017,12133.907124659501,388.34191298425867,112,31,16
edge,16,123203,G25OR-S21,True,16,4790.173169732049,18900.865848660247,158,140,0,0,0,0,0,0,0,0,0,0,0,0,0,0,0,0,16
edge,16,123203,G21A,True,16,4872.6832745218735,19313.416372609372,158,140,0,0,0,7,6,1,5,0,0,0,2449.6049738134684,3132.410732965905,13258.445523131026,472.95514269897376,120,31,16
edge,16,123204,G25OR-S21,True,16,4706.691146987316,17908.45573493657,177,160,0,0,0,0,0,0,0,0,0,0,0,0,0,0,0,0,16
edge,16,123204,G21A,True,16,4778.923594502612,18339.617972513053,175,156,0,0,0,8,6,2,5,0,0,0,3099.007198940546,3247.0111256353894,11542.354562975164,451.24508496195267,137,30,16
edge,16,123205,G25OR-S21,True,16,5363.21907531672,21221.095376583602,177,154,0,0,0,0,0,0,0,0,0,0,0,0,0,0,0,0,16
edge,16,123205,G21A,True,16,5150.8721199164975,20289.360599582495,172,153,0,0,0,10,6,4,6,0,0,0,2487.805104703297,3858.2132198726395,13528.64869395906,414.6935810474988,130,32,16
edge,16,123206,G25OR-S21,True,16,5035.735549010592,19258.67774505296,188,164,0,0,0,0,0,0,0,0,0,0,0,0,0,0,0,0,16
edge,16,123206,G21A,True,16,4913.357250854297,18781.78625427147,183,162,0,0,0,11,6,5,5,0,0,0,3060.807068050719,3285.2112565252182,11988.867773017584,446.90015667794705,139,33,16
edge,16,123207,G25OR-S21,True,16,4385.037077691576,16825.185388457885,158,150,0,0,0,0,0,0,0,0,0,0,0,0,0,0,0,0,16
edge,16,123207,G21A,True,16,4534.830066008707,17579.150330043532,158,149,0,0,0,11,10,1,7,0,0,0,1456.4015706779373,4889.616753897998,10818.956484146162,414.17552132143646,124,23,16
edge,16,123208,G25OR-S21,True,16,5038.635560609,20153.177803045004,158,138,0,0,0,0,0,0,0,0,0,0,0,0,0,0,0,0,16
edge,16,123208,G21A,True,16,4967.97745955348,19969.8872977674,152,134,0,0,0,7,6,1,4,0,0,0,3672.0091622879677,2674.0091622879677,13174.910026421838,448.9589467696269,116,29,16
edge,16,123209,G25OR-S21,True,16,5038.182291375498,19590.911456877482,177,155,0,0,0,0,0,0,0,0,0,0,0,0,0,0,0,0,16
edge,16,123209,G21A,True,16,5018.036029122551,19590.18014561276,174,150,0,0,0,9,6,3,4,0,0,0,3824.809685847281,2521.2086387286554,12815.108574807322,429.0532462295023,132,33,16
cluster,10,123210,G25OR-S21,True,10,5752.577870330033,21417.889351650163,239,224,0,0,0,0,0,0,0,0,0,0,0,0,0,0,0,0,10
cluster,10,123210,G21A,True,10,5769.799641847119,21603.998209235593,236,219,0,0,0,10,10,0,4,4,0,0,14481.559732420588,3075.6074607202017,2512.830129829854,1534.0008862649493,220,6,10
cluster,10,123211,G25OR-S21,True,10,5990.554499988414,22557.772499942057,241,224,0,0,0,0,0,0,0,0,0,0,0,0,0,0,0,0,10
cluster,10,123211,G21A,True,10,5971.562433748334,22607.81216874166,236,220,0,0,0,10,10,0,5,6,0,0,15624.9842298129,2283.9458350829436,830.4890635366028,3868.3930403092127,222,4,10
cluster,10,123212,G25OR-S21,True,10,5744.651905475813,21318.259527379076,241,226,0,0,0,0,0,0,0,0,0,0,0,0,0,0,0,0,10
cluster,10,123212,G21A,True,10,5748.071839080979,21430.359195404904,238,222,0,0,0,10,10,0,5,3,0,0,14478.980303118058,3429.949761777787,2527.985288617372,993.443841891687,221,7,10
cluster,10,123213,G25OR-S21,True,10,5895.738004723617,21838.690023618088,249,233,0,0,0,0,0,0,0,0,0,0,0,0,0,0,0,0,10
cluster,10,123213,G21A,True,10,6042.344387329921,22691.721936649607,245,229,0,0,0,10,10,0,5,1,0,0,15685.192335598194,2223.7377292976553,4040.0644099608908,742.727461792867,227,8,10
cluster,10,123214,G25OR-S21,True,10,5686.8204787588875,20874.102393794434,246,232,0,0,0,0,0,0,0,0,0,0,0,0,0,0,0,0,10
cluster,10,123214,G21A,True,10,5719.076947980504,21135.384739902518,243,227,0,0,0,10,10,0,5,4,0,0,14141.23655865692,3340.8553023224595,1629.1407956539879,2024.1520832691513,227,6,10
cluster,10,123215,G25OR-S21,True,10,5778.359089142713,21661.795445713564,235,221,0,0,0,0,0,0,0,0,0,0,0,0,0,0,0,0,10
cluster,10,123215,G21A,True,10,5795.207429391987,21671.037146959938,238,221,0,0,0,10,10,0,5,3,0,0,14942.529004405955,2966.401060489891,1878.1905648442698,1883.9165172198227,220,8,10
cluster,10,123216,G25OR-S21,True,10,5969.209448295144,22476.047241475717,240,224,0,0,0,0,0,0,0,0,0,0,0,0,0,0,0,0,10
cluster,10,123216,G21A,True,10,5981.307943313721,22596.539716568608,238,222,0,0,0,10,10,0,4,2,0,0,15710.958464932213,1786.6888150950099,4114.707127165497,984.1853093758882,220,8,10
cluster,10,123217,G25OR-S21,True,10,5779.6940616585825,21683.47030829291,235,218,0,0,0,0,0,0,0,0,0,0,0,0,0,0,0,0,10
cluster,10,123217,G21A,True,10,5882.659267685594,22168.296338427976,236,219,0,0,0,10,10,0,4,4,0,0,15262.074393087605,1927.6928535238155,3634.9200850749658,1343.609006741588,220,6,10
cluster,10,123218,G25OR-S21,True,10,5851.350323494161,22006.751617470793,236,220,0,0,0,0,0,0,0,0,0,0,0,0,0,0,0,0,10
cluster,10,123218,G21A,True,10,5983.321084510031,22691.60542255016,235,220,0,0,0,10,10,0,6,5,0,0,13381.717630362175,4527.212434533671,3187.580478060001,1595.094879594315,220,5,10
cluster,10,123219,G25OR-S21,True,10,5842.520070346619,21722.60035173309,244,228,0,0,0,0,0,0,0,0,0,0,0,0,0,0,0,0,10
cluster,10,123219,G21A,True,10,5903.059032632927,22150.295163164625,240,223,0,0,0,10,10,0,4,2,0,0,15715.97536592541,1882.0099339657463,3455.13283460799,1097.1770286654805,223,7,10
cluster,10,123220,G25OR-S21,True,10,5576.7386104210045,20483.693052105027,241,225,0,0,0,0,0,0,0,0,0,0,0,0,0,0,0,0,10
cluster,10,123220,G21A,True,10,5686.087509923542,21255.437549617698,234,215,0,0,0,9,9,0,3,6,0,0,15913.36385129869,1521.9708314379504,1167.842243191244,2652.260623689812,220,5,10
cluster,10,123221,G25OR-S21,True,10,5718.42043333881,21307.10216669405,237,222,0,0,0,0,0,0,0,0,0,0,0,0,0,0,0,0,10
cluster,10,123221,G21A,True,10,5794.57610922519,21687.88054612594,237,222,0,0,0,10,10,0,6,3,0,0,13419.917761252003,4489.012303643842,1423.2815861650124,2355.6688950650823,220,7,10
cluster,10,123222,G25OR-S21,True,10,5699.220269489746,21246.101347448734,236,220,0,0,0,0,0,0,0,0,0,0,0,0,0,0,0,0,10
cluster,10,123222,G21A,True,10,5693.985989674656,21279.929948373276,234,218,0,0,0,10,10,0,4,6,0,0,15036.801828159296,2418.9427278438397,1182.583443122363,2641.601949247777,220,4,10
cluster,10,123223,G25OR-S21,True,10,6012.382299285946,22721.911496429726,239,223,0,0,0,0,0,0,0,0,0,0,0,0,0,0,0,0,10
cluster,10,123223,G21A,True,10,5983.5441780015635,22732.72089000781,234,217,0,0,0,10,10,0,4,6,0,0,14833.322604175642,3075.607460720202,2006.2088831120673,2817.581941999899,220,4,10
cluster,10,123224,G25OR-S21,True,10,5914.5995678481995,22237.997839240998,239,222,0,0,0,0,0,0,0,0,0,0,0,0,0,0,0,0,10
cluster,10,123224,G21A,True,10,5915.900532104949,22304.502660524744,237,220,0,0,0,10,10,0,4,3,0,0,15014.149477370354,2597.0728796416606,3930.1552944730174,763.1250090397107,220,7,10
cluster,11,123225,G25OR-S21,True,11,5824.941409910976,22409.70704955488,217,203,0,0,0,0,0,0,0,0,0,0,0,0,0,0,0,0,11
cluster,11,123225,G21A,True,11,5853.5227012591195,22532.613506295587,218,202,0,0,0,11,11,0,6,4,0,0,13363.455511882945,4180.232183428282,1883.0644301771172,3105.861380807244,200,7,11
cluster,11,123226,G25OR-S21,True,11,5985.9400408084875,23169.700204042445,219,202,0,0,0,0,0,0,0,0,0,0,0,0,0,0,0,0,11
cluster,11,123226,G21A,True,11,5975.757688223559,23148.7884411178,218,201,0,0,0,10,10,0,4,5,0,0,15138.923651294268,2770.006413601577,1706.6550080961788,3533.2033681257744,202,6,11
cluster,11,123227,G25OR-S21,True,11,5814.537519598068,22107.68759799035,226,208,0,0,0,0,0,0,0,0,0,0,0,0,0,0,0,0,11
cluster,11,123227,G21A,True,11,5804.651549654323,22203.25774827161,221,204,0,0,0,11,11,0,4,1,0,0,16992.12692353997,916.8031413558745,3648.896459447915,645.4312239278515,200,10,11
cluster,11,123228,G25OR-S21,True,11,5622.193339311282,21410.96669655641,217,200,0,0,0,0,0,0,0,0,0,0,0,0,0,0,0,0,11
cluster,11,123228,G21A,True,11,5704.704676293896,21793.52338146947,218,201,0,0,0,11,11,0,4,4,0,0,14833.322604175642,3075.607460720202,2518.172668912677,1366.420647660947,200,7,11
cluster,11,123229,G25OR-S21,True,11,5943.743424614813,22288.717123074068,241,226,0,0,0,0,0,0,0,0,0,0,0,0,0,0,0,0,11
cluster,11,123229,G21A,True,11,5986.8329147371605,22684.1645736858,235,220,0,0,0,11,11,0,6,4,0,0,13694.696860255966,4214.233204639882,4194.455542439406,580.7789663505464,217,7,11
cluster,11,123230,G25OR-S21,True,11,5605.644447550822,21368.22223775411,215,202,0,0,0,0,0,0,0,0,0,0,0,0,0,0,0,0,11
cluster,11,123230,G21A,True,11,5782.1433753411075,22105.716876705534,220,206,0,0,0,11,11,0,6,2,0,0,14356.317892141831,3552.612172754014,2699.9415243960466,1496.845287413642,200,9,11
cluster,11,123231,G25OR-S21,True,11,5800.424868058777,22252.124340293878,218,205,0,0,0,0,0,0,0,0,0,0,0,0,0,0,0,0,11
cluster,11,123231,G21A,True,11,5809.448516762758,22272.242583813793,219,205,0,0,0,11,11,0,7,3,0,0,13579.664138670627,3790.993232174347,3677.573568413336,1224.011644555484,200,8,11
cluster,11,123232,G25OR-S21,True,11,6067.4337538920845,23182.16876946042,232,216,0,0,0,0,0,0,0,0,0,0,0,0,0,0,0,0,11
cluster,11,123232,G21A,True,11,6032.428267949262,23247.1413397463,224,208,0,0,0,11,11,0,5,3,0,0,14218.909900192855,3266.3495107633908,2261.1056874824026,3500.7762413076516,205,8,11
cluster,11,123233,G25OR-S21,True,11,5870.205941908785,22551.02970954392,220,205,0,0,0,0,0,0,0,0,0,0,0,0,0,0,0,0,11
cluster,11,123233,G21A,True,11,5754.237569461675,22096.18784730837,216,200,0,0,0,11,11,0,5,6,0,0,14542.110404409732,2932.7369297754067,2880.683886708546,1740.6566264146868,200,5,11
cluster,11,123234,G25OR-S21,True,11,5814.762758038955,22223.813790194763,222,205,0,0,0,0,0,0,0,0,0,0,0,0,0,0,0,0,11
cluster,11,123234,G21A,True,11,5786.28134676234,22196.406733811702,218,202,0,0,0,11,11,0,5,5,0,0,14252.055977210057,3200.3735225318896,3305.4618819438874,1438.5153521258678,201,6,11
cluster,11,123235,G25OR-S21,True,11,5625.993322218155,21304.966611090775,221,205,0,0,0,0,0,0,0,0,0,0,0,0,0,0,0,0,11
cluster,11,123235,G21A,True,11,5629.878355926334,21359.391779631664,220,203,0,0,0,11,11,0,4,4,0,0,15222.17106699055,2686.7589979052955,1445.6821314589906,2004.779583276828,202,7,11
cluster,11,123236,G25OR-S21,True,11,5594.739550581824,21298.697752909127,216,200,0,0,0,0,0,0,0,0,0,0,0,0,0,0,0,0,11
cluster,11,123236,G21A,True,11,5742.777414036818,21978.887070184086,218,202,0,0,0,11,11,0,5,4,0,0,14217.10815165972,2877.695712652832,3283.4300766100932,1600.6531292614395,200,7,11
cluster,11,123237,G25OR-S21,True,11,5687.439377384089,21572.196886920447,222,208,0,0,0,0,0,0,0,0,0,0,0,0,0,0,0,0,11
cluster,11,123237,G21A,True,11,5776.033769268623,22175.1688463431,217,201,0,0,0,11,11,0,5,8,0,0,14379.89616487723,3075.356370795136,1968.0245743878586,2751.8917362828743,203,3,11
cluster,11,123238,G25OR-S21,True,11,5773.914445906402,22104.572229532012,219,203,0,0,0,0,0,0,0,0,0,0,0,0,0,0,0,0,11
cluster,11,123238,G21A,True,11,5758.823347802171,22114.116739010857,216,201,0,0,0,11,11,0,6,6,0,0,13605.393323967364,3866.2845146924096,1192.7128652745087,3449.7260350765737,200,5,11
cluster,11,123239,G25OR-S21,True,11,5647.301846744474,21251.509233722358,226,212,0,0,0,0,0,0,0,0,0,0,0,0,0,0,0,0,11
cluster,11,123239,G21A,True,11,5633.0019858322885,21255.00992916144,224,207,0,0,0,11,11,0,4,5,0,0,14688.177938688303,2330.8339434464688,2452.1531752081864,1783.844871818481,207,6,11
cluster,12,123240,G25OR-S21,True,12,5704.303369348155,22236.516846740768,202,187,0,0,0,0,0,0,0,0,0,0,0,0,0,0,0,0,12
cluster,12,123240,G21A,True,12,5746.151640227682,22520.758201138397,200,182,0,0,0,11,11,0,4,4,0,0,14853.114980356757,2646.476412933155,3671.347765453662,1349.819042394822,180,9,12
cluster,12,123241,G25OR-S21,True,12,5788.142074090909,22540.710370454544,206,190,0,0,0,0,0,0,0,0,0,0,0,0,0,0,0,0,12
cluster,12,123241,G21A,True,12,5783.97114603364,22694.855730168216,200,185,0,0,0,12,12,0,5,5,0,0,14998.180908890412,2227.7221940558084,881.6243522486293,4587.328274973366,182,6,12
cluster,12,123242,G25OR-S21,True,12,5776.368183124281,22566.8409156214,203,188,0,0,0,0,0,0,0,0,0,0,0,0,0,0,0,0,12
cluster,12,123242,G21A,True,12,5724.7793572926175,22488.896786463083,197,182,0,0,0,12,12,0,5,7,0,0,14266.189483296595,2969.3573517660716,1063.1529613629282,4190.196990037487,180,5,12
cluster,12,123243,G25OR-S21,True,12,5718.186854314834,22220.93427157416,205,189,0,0,0,0,0,0,0,0,0,0,0,0,0,0,0,0,12
cluster,12,123243,G21A,True,12,5619.896466035085,21934.48233017541,198,183,0,0,0,12,12,0,5,6,0,0,14973.622786800128,2232.3326645096163,2743.0273990731985,1985.4994797924678,180,6,12
cluster,12,123244,G25OR-S21,True,12,5494.502719535506,21157.513597677527,203,188,0,0,0,0,0,0,0,0,0,0,0,0,0,0,0,0,12
cluster,12,123244,G21A,True,12,5521.969621036653,21364.848105183268,201,184,0,0,0,12,12,0,4,3,0,0,14871.522735065471,3037.407329830374,2988.694280053802,467.22376023362085,180,9,12
cluster,12,123245,G25OR-S21,True,12,5639.39077302012,21546.953865100593,214,200,0,0,0,0,0,0,0,0,0,0,0,0,0,0,0,0,12
cluster,12,123245,G21A,True,12,5735.7019937688065,22313.509968844035,205,188,0,0,0,12,12,0,4,6,0,0,15211.164165285718,1898.372816687092,2196.125473578977,3007.8475132922476,187,6,12
cluster,12,123246,G25OR-S21,True,12,5889.2997813386155,23091.498906693072,204,191,0,0,0,0,0,0,0,0,0,0,0,0,0,0,0,0,12
cluster,12,123246,G21A,True,12,5878.676296528194,23108.381482640965,202,187,0,0,0,12,12,0,6,2,0,0,13719.765104656002,4189.164960239843,4674.945420016222,524.5059977288984,180,10,12
cluster,12,123247,G25OR-S21,True,12,5712.991122220617,21789.95561110308,218,205,0,0,0,0,0,0,0,0,0,0,0,0,0,0,0,0,12
cluster,12,123247,G21A,True,12,5658.382662013221,21886.913310066095,206,191,0,0,0,12,12,0,6,5,0,0,14373.140112780495,3076.4007141933675,2948.584468472127,1488.7880146201069,187,7,12
cluster,12,123248,G25OR-S21,True,12,5553.678448163768,21158.392240818837,213,197,0,0,0,0,0,0,0,0,0,0,0,0,0,0,0,0,12
cluster,12,123248,G21A,True,12,5469.09549955158,20975.477497757885,205,189,0,0,0,12,12,0,5,5,0,0,14751.105752066576,2289.2176626661785,1971.1782798901004,1963.9758031350302,186,7,12
cluster,12,123249,G25OR-S21,True,12,5577.677646777476,21658.388233887385,200,186,0,0,0,0,0,0,0,0,0,0,0,0,0,0,0,0,12
cluster,12,123249,G21A,True,12,5554.776128809237,21673.880644046178,196,180,0,0,0,12,12,0,5,8,0,0,13922.022646318685,3248.323647928424,962.7321151267533,3540.8022346723155,180,4,12
cluster,12,123250,G25OR-S21,True,12,5460.198226307108,21090.991131535542,199,187,0,0,0,0,0,0,0,0,0,0,0,0,0,0,0,0,12
cluster,12,123250,G21A,True,12,5675.195637216179,22100.978186080873,202,185,0,0,0,12,12,0,4,2,0,0,14833.322604175642,3075.6074607202017,2950.914412461905,1241.1337087231223,180,10,12
cluster,12,123251,G25OR-S21,True,12,5769.882492452612,22539.412462263062,203,187,0,0,0,0,0,0,0,0,0,0,0,0,0,0,0,0,12
cluster,12,123251,G21A,True,12,5772.001439175864,22580.00719587932,202,186,0,0,0,12,12,0,5,5,0,0,14363.679813031951,3038.3102359012464,3817.08287220035,1360.9342747457729,183,7,12
cluster,12,123252,G25OR-S21,True,12,5684.565409805193,21772.82704902597,214,200,0,0,0,0,0,0,0,0,0,0,0,0,0,0,0,0,12
cluster,12,123252,G21A,True,12,5750.518611977634,22357.59305988816,206,189,0,0,0,11,11,0,5,4,0,0,14918.098777717865,2326.245444013734,1361.8266390671415,3751.4221990894193,186,9,12
cluster,12,123253,G25OR-S21,True,12,5490.884416444029,21199.422082220142,201,186,0,0,0,0,0,0,0,0,0,0,0,0,0,0,0,0,12
cluster,12,123253,G21A,True,12,5737.355307682514,22476.776538412556,200,182,0,0,0,11,11,0,4,4,0,0,14814.008396114477,2708.637507558021,3535.646088967256,1418.4845457728006,180,9,12
cluster,12,123254,G25OR-S21,True,12,5643.422066891871,22032.11033445935,199,182,0,0,0,0,0,0,0,0,0,0,0,0,0,0,0,0,12
cluster,12,123254,G21A,True,12,5656.081663822275,22090.40831911138,199,183,0,0,0,12,12,0,5,5,0,0,14370.848733109317,3115.3570190043383,2613.189734497464,1991.012832500261,180,7,12
cluster,13,123255,G25OR-S21,True,13,5582.121731213639,22145.60865606818,184,168,0,0,0,0,0,0,0,0,0,0,0,0,0,0,0,0,13
cluster,13,123255,G21A,True,13,5592.166087435524,22250.830437177614,182,167,0,0,0,13,13,0,5,4,0,0,15655.393563325304,2253.5365015705406,3704.620034067684,637.2803382140846,160,9,13
cluster,13,123256,G25OR-S21,True,13,5265.3356125567,20596.6780627835,183,166,0,0,0,0,0,0,0,0,0,0,0,0,0,0,0,0,13
cluster,13,123256,G21A,True,13,5295.053765123103,20895.268825615516,178,161,0,0,0,12,12,0,5,8,0,0,14854.161883633758,2650.9540020222694,700.8813773985021,2689.2715625609862,160,6,13
cluster,13,123257,G25OR-S21,True,13,5613.768028275126,22238.840141375633,186,171,0,0,0,0,0,0,0,0,0,0,0,0,0,0,0,0,13
cluster,13,123257,G21A,True,13,5682.663467117875,22673.317335589392,183,168,0,0,0,13,13,0,6,3,0,0,14931.429470038249,2619.318504643349,3528.6936513687397,1593.875709539055,160,10,13
cluster,13,123258,G25OR-S21,True,13,5508.172036306694,21765.860181533455,184,170,0,0,0,0,0,0,0,0,0,0,0,0,0,0,0,0,13
cluster,13,123258,G21A,True,13,5493.730997805926,21788.654989029623,181,166,0,0,0,13,13,0,6,5,0,0,13560.470881445734,3549.658230849288,1954.6571852429588,2723.8686914916416,160,8,13
cluster,13,123259,G25OR-S21,True,13,5543.419175180011,22077.09587590005,180,163,0,0,0,0,0,0,0,0,0,0,0,0,0,0,0,0,13
cluster,13,123259,G21A,True,13,5581.583844808037,22337.919224040183,178,159,0,0,0,11,11,0,4,8,0,0,15003.816610007454,2122.0757644772757,3194.926492274586,2017.1003572808668,160,7,13
cluster,13,123260,G25OR-S21,True,13,5487.616523235897,21648.082616179487,185,168,0,0,0,0,0,0,0,0,0,0,0,0,0,0,0,0,13
cluster,13,123260,G21A,True,13,5451.911562436977,21584.55781218489,181,165,0,0,0,13,13,0,5,4,0,0,15371.54801359155,2537.3820513042956,2835.50292353009,840.1248237589534,160,8,13
cluster,13,123261,G25OR-S21,True,13,5496.126148430303,21805.630742151512,181,165,0,0,0,0,0,0,0,0,0,0,0,0,0,0,0,0,13
cluster,13,123261,G21A,True,13,5499.715945766102,21823.579728830508,181,165,0,0,0,13,13,0,5,5,0,0,14071.928458977127,3125.1684400830686,2928.535568216528,1697.9472615537836,160,8,13
cluster,13,123262,G25OR-S21,True,13,5706.138410959921,22765.692054799605,184,168,0,0,0,0,0,0,0,0,0,0,0,0,0,0,0,0,13
cluster,13,123262,G21A,True,13,5683.438541903558,22827.192709517778,178,163,0,0,0,13,13,0,6,8,0,0,14145.720248158737,3763.209816737108,1421.181146293282,3497.081498328651,160,5,13
cluster,13,123263,G25OR-S21,True,13,5640.67483151997,22378.37415759984,186,170,0,0,0,0,0,0,0,0,0,0,0,0,0,0,0,0,13
cluster,13,123263,G21A,True,13,5718.620115098508,23003.100575492543,179,158,0,0,0,9,9,0,3,6,0,0,15219.852136177878,2045.729224205006,2530.899515295736,3206.619699813922,160,10,13
cluster,13,123264,G25OR-S21,True,13,5572.012633394016,22125.063166970078,183,167,0,0,0,0,0,0,0,0,0,0,0,0,0,0,0,0,13
cluster,13,123264,G21A,True,13,5570.075929910847,22195.379649554234,180,166,0,0,0,13,13,0,6,6,0,0,14828.861915277801,3080.068149618044,1873.5456037019212,2412.9039809564674,160,7,13
cluster,13,123265,G25OR-S21,True,13,5832.07961282777,23000.398064138855,197,182,0,0,0,0,0,0,0,0,0,0,0,0,0,0,0,0,13
cluster,13,123265,G21A,True,13,5941.733491737523,23748.667458687618,190,174,1,0,0,13,13,0,5,5,0,0,14951.40400617755,2213.554295463901,4040.435277452896,2543.273879593271,169,8,14
cluster,13,123266,G25OR-S21,True,13,5638.84748390654,22434.237419532692,184,167,0,0,0,0,0,0,0,0,0,0,0,0,0,0,0,0,13
cluster,13,123266,G21A,True,13,5800.34442337258,23386.722116862893,179,163,0,0,0,13,13,0,5,6,0,0,14782.30438923053,2234.4422173159046,4055.5979573701297,2314.3775529463283,160,6,13
cluster,13,123267,G25OR-S21,True,13,5482.541251779821,21742.706258899103,181,164,0,0,0,0,0,0,0,0,0,0,0,0,0,0,0,0,13
cluster,13,123267,G21A,True,13,5557.781971210249,22043.909856051225,183,169,0,0,0,13,13,0,6,7,0,0,14996.144539514193,2485.1043403911276,1524.1987886808056,3038.4621874650975,164,6,13
cluster,13,123268,G25OR-S21,True,13,5361.745945929011,20893.729729645052,189,173,0,0,0,0,0,0,0,0,0,0,0,0,0,0,0,0,13
cluster,13,123268,G21A,True,13,5546.418308757751,22102.091543788763,180,161,0,0,0,10,10,0,4,6,0,0,15019.959108796365,1885.356944679178,1836.953454711569,3359.8220356016504,160,10,13
cluster,13,123269,G25OR-S21,True,13,5637.294580757857,22381.472903789283,185,171,0,0,0,0,0,0,0,0,0,0,0,0,0,0,0,0,13
cluster,13,123269,G21A,True,13,5681.1392314630375,22720.69615731519,181,167,0,0,0,13,13,0,7,5,0,0,13904.101615891903,3428.9336628668602,3586.182886763261,1801.4779917931655,160,8,13
cluster,14,123270,G25OR-S21,True,14,5481.926726379167,21169.633631895835,199,183,0,0,0,0,0,0,0,0,0,0,0,0,0,0,0,0,14
cluster,14,123270,G21A,True,14,5631.249376631738,22076.24688315869,194,176,0,0,0,13,13,0,5,4,0,0,14397.055195488694,3162.402010563229,3482.7965449280746,1033.9931321786908,169,12,14
cluster,14,123271,G25OR-S21,True,14,5556.119024462784,22685.595122313913,161,144,0,0,0,0,0,0,0,0,0,0,0,0,0,0,0,0,14
cluster,14,123271,G21A,True,14,5666.936166308499,23239.680831542493,161,144,0,0,0,12,12,0,6,6,0,0,13381.717630362175,4527.212434533671,2720.919025380237,2609.831741266411,140,9,14
cluster,14,123272,G25OR-S21,True,14,5384.431841317153,21817.159206585766,161,146,0,0,0,0,0,0,0,0,0,0,0,0,0,0,0,0,14
cluster,14,123272,G21A,True,14,5393.825111971257,21859.125559856282,161,147,0,0,0,14,14,0,7,7,0,0,13535.816650125618,3662.2342244562724,2803.7532514667582,1857.3214338076345,140,7,14
cluster,14,123273,G25OR-S21,True,14,5309.942539784781,21379.712698923904,163,149,0,0,0,0,0,0,0,0,0,0,0,0,0,0,0,0,14
cluster,14,123273,G21A,True,14,5480.7585420195555,22228.792710097787,164,145,0,0,0,11,11,0,4,4,0,0,15692.179366165585,1823.3183186296578,3506.789549051344,1206.5054762512013,140,13,14
cluster,14,123274,G25OR-S21,True,14,5356.505107664346,21512.52553832173,167,149,0,0,0,0,0,0,0,0,0,0,0,0,0,0,0,0,14
cluster,14,123274,G21A,True,14,5374.324681839452,21791.623409197262,161,141,0,0,0,11,11,0,4,7,0,0,14962.144905575415,2946.785159320435,2667.4220681457555,1215.2712761556577,140,10,14
cluster,14,123275,G25OR-S21,True,14,5595.912105498479,22549.560527492395,172,156,0,0,0,0,0,0,0,0,0,0,0,0,0,0,0,0,14
cluster,14,123275,G21A,True,14,5811.654133873246,23648.270669366215,172,152,0,0,0,11,11,0,5,2,0,0,14896.875850735016,3012.0542141608294,3130.1920857818404,2609.1485186885293,145,16,14
cluster,14,123276,G25OR-S21,True,14,5494.159439227998,22300.79719613999,163,149,0,0,0,0,0,0,0,0,0,0,0,0,0,0,0,0,14
cluster,14,123276,G21A,True,14,5519.371302233195,22456.85651116595,162,148,0,0,0,14,14,0,7,6,0,0,14012.134771845896,3517.0936201827767,3376.077928474082,1551.550190663197,140,8,14
cluster,14,123277,G25OR-S21,True,14,5244.206163466627,21036.030817333132,164,147,0,0,0,0,0,0,0,0,0,0,0,0,0,0,0,0,14
cluster,14,123277,G21A,True,14,5307.249629193342,21446.2481459667,161,143,0,0,0,12,12,0,4,7,0,0,16362.172317562383,1171.7075125266729,2416.2092097953973,1496.1591060822466,140,9,14
cluster,14,123278,G25OR-S21,True,14,5506.3801603069005,22336.9008015345,164,149,0,0,0,0,0,0,0,0,0,0,0,0,0,0,0,0,14
cluster,14,123278,G21A,True,14,5504.506749823733,22382.533749118673,162,148,0,0,0,14,14,0,7,6,0,0,14154.754637102147,3585.7607457030804,1282.463438423274,3359.554927890171,140,8,14
cluster,14,123279,G25OR-S21,True,14,5435.181490409458,22015.907452047282,163,147,0,0,0,0,0,0,0,0,0,0,0,0,0,0,0,0,14
cluster,14,123279,G21A,True,14,5447.0768367425035,22065.38418371251,163,149,0,0,0,14,14,0,7,5,0,0,12732.315405235098,5176.614659660748,3331.056646266701,825.3974725499647,140,9,14
cluster,14,123280,G25OR-S21,True,14,5350.524688708915,21577.623443544562,164,145,0,0,0,0,0,0,0,0,0,0,0,0,0,0,0,0,14
cluster,14,123280,G21A,True,14,5610.474223476826,22992.37111738413,160,142,0,0,0,13,13,0,5,9,0,0,14813.360918352886,2696.3354300878336,3917.9291353658155,1564.745633577593,140,7,14
cluster,14,123281,G25OR-S21,True,14,5595.563279125948,22572.81639562975,171,156,0,0,0,0,0,0,0,0,0,0,0,0,0,0,0,0,14
cluster,14,123281,G21A,True,14,5939.9803057561585,24484.901528780792,165,148,0,0,0,13,13,0,5,3,0,0,14661.410424678312,2807.5491000636775,5792.960785874024,1222.9812181647794,141,11,14
cluster,14,123282,G25OR-S21,True,14,5697.316045924073,22991.580229620347,174,159,0,0,0,0,0,0,0,0,0,0,0,0,0,0,0,0,14
cluster,14,123282,G21A,True,14,5757.195725026275,23475.978625131385,168,152,0,0,0,13,13,0,6,3,0,1,14662.131464301936,2752.5903422386473,4661.1751904853445,1400.0816281054576,143,12,14
cluster,14,123283,G25OR-S21,True,14,5471.487661282619,21967.438306413093,171,153,0,0,0,0,0,0,0,0,0,0,0,0,0,0,0,0,14
cluster,14,123283,G21A,True,14,5699.580706996511,23332.90353498255,164,143,0,0,0,12,12,0,4,8,0,0,15076.331333936474,2344.7550016000423,1962.5542156308184,3949.2629838152143,142,10,14
cluster,14,123284,G25OR-S21,True,14,5490.420432557723,22152.10216278862,167,155,0,0,0,0,0,0,0,0,0,0,0,0,0,0,0,0,14
cluster,14,123284,G21A,True,14,5473.4927637227665,22172.463818613836,164,149,0,0,0,14,14,0,6,4,0,0,14069.31998637908,3839.6100785167646,2665.0559908364194,1598.4777628815718,140,10,14
cluster,15,123285,G25OR-S21,True,15,5504.112285941237,22955.561429706195,142,128,0,0,0,0,0,0,0,0,0,0,0,0,0,0,0,0,15
cluster,15,123285,G21A,True,15,5557.1216155422435,23015.608077711207,149,134,0,0,0,15,15,0,7,2,0,0,13030.251214089369,4878.6788508064765,4409.469513165535,697.208499649827,120,14,15
cluster,15,123286,G25OR-S21,True,15,5525.894310302407,23044.471551512037,143,127,0,0,0,0,0,0,0,0,0,0,0,0,0,0,0,0,15
cluster,15,123286,G21A,True,15,5756.2819048941465,24091.409524470728,147,128,0,0,0,13,13,0,5,4,0,0,14144.201349272003,3367.5384178582344,5620.947734414618,958.7220229258721,120,14,15
cluster,15,123287,G25OR-S21,True,15,5487.380020645286,22751.900103226428,146,132,0,0,0,0,0,0,0,0,0,0,0,0,0,0,0,0,15
cluster,15,123287,G21A,True,15,5637.794723660983,23543.973618304924,145,129,0,0,0,14,14,0,6,5,0,0,14631.312159203213,2785.518691561465,4449.595663058768,1677.547104481478,120,11,15
cluster,15,123288,G25OR-S21,True,15,5706.183484984231,23850.917424921146,146,131,0,0,0,0,0,0,0,0,0,0,0,0,0,0,0,0,15
cluster,15,123288,G21A,True,15,5676.9694852696675,23719.847426348337,146,128,0,0,0,14,14,0,5,5,0,0,14957.8745790251,2543.645963818523,4915.886262162407,1302.4406213423072,120,12,15
cluster,15,123289,G25OR-S21,True,15,5583.823743877173,23129.118719385857,150,133,0,0,0,0,0,0,0,0,0,0,0,0,0,0,0,0,15
cluster,15,123289,G21A,True,15,5670.288034577189,23706.44017288594,145,129,0,0,0,14,14,0,6,7,0,0,14071.909750036246,2917.714382486888,4659.759078701518,2057.0569616612893,122,9,15
cluster,15,123290,G25OR-S21,True,15,5332.214658799512,21781.07329399756,153,136,0,0,0,0,0,0,0,0,0,0,0,0,0,0,0,0,15
cluster,15,123290,G21A,True,15,5375.455487151768,22162.27743575884,148,128,0,0,0,12,12,0,4,7,0,0,16253.575175014324,1145.860964794112,1994.9547862800646,2767.8865096703375,126,10,15
cluster,15,123291,G25OR-S21,True,15,5343.2764226538375,22071.382113269185,145,129,0,0,0,0,0,0,0,0,0,0,0,0,0,0,0,0,15
cluster,15,123291,G21A,True,15,5389.005093737234,22395.025468686166,142,125,0,0,0,14,14,0,5,8,0,0,14795.54112264996,2735.574126989056,3339.6941330720256,1524.2160859751257,120,8,15
cluster,15,123292,G25OR-S21,True,15,5404.986034737429,22199.930173687128,151,135,0,0,0,0,0,0,0,0,0,0,0,0,0,0,0,0,15
cluster,15,123292,G21A,True,15,5655.842447603389,23569.212238016946,148,127,0,0,0,12,12,0,4,3,0,0,15559.125091082376,2349.8049738134678,3384.615561213708,2275.6666119073925,120,16,15
cluster,15,123293,G25OR-S21,True,15,5406.115939445888,22445.579697229445,143,127,0,0,0,0,0,0,0,0,0,0,0,0,0,0,0,0,15
cluster,15,123293,G21A,True,15,5674.843556057059,23764.217780285275,144,127,0,0,0,14,14,0,6,7,0,0,13376.45832856197,4097.877409433558,3570.246371632238,2719.635670657508,120,10,15
cluster,15,123294,G25OR-S21,True,15,5194.942665345998,21234.71332672998,148,133,0,0,0,0,0,0,0,0,0,0,0,0,0,0,0,0,15
cluster,15,123294,G21A,True,15,5431.789335068295,22493.94667534147,146,128,0,0,0,13,13,0,5,4,0,0,14661.041970312925,2789.814349348533,3405.761818210751,1637.3285374692623,120,13,15
cluster,15,123295,G25OR-S21,True,15,5341.58931860525,22082.946593026245,144,130,0,0,0,0,0,0,0,0,0,0,0,0,0,0,0,0,15
cluster,15,123295,G21A,True,15,5342.262139587904,22146.310697939516,142,128,0,0,0,15,15,0,6,8,0,0,14925.807115604644,2183.992932648528,1046.460159653212,3990.0504900331316,120,7,15
cluster,15,123296,G25OR-S21,True,15,5063.6571276523955,20768.285638261976,142,125,0,0,0,0,0,0,0,0,0,0,0,0,0,0,0,0,15
cluster,15,123296,G21A,True,15,5601.585300031608,23302.92650015805,148,126,0,0,0,12,12,0,4,4,0,0,15675.934196320057,2232.9958685757874,4413.889231104087,980.1072041581174,120,16,15
cluster,15,123297,G25OR-S21,True,15,5417.318593343993,22356.592966719956,148,131,0,0,0,0,0,0,0,0,0,0,0,0,0,0,0,0,15
cluster,15,123297,G21A,True,15,5818.951252402346,24284.75626201174,151,132,0,0,0,12,12,0,6,3,0,0,15208.77774209599,2700.1523227998555,4789.564483692091,1586.2617134238026,124,15,15
cluster,15,123298,G25OR-S21,True,15,5501.139355721889,22495.69677860944,157,142,0,0,0,0,0,0,0,0,0,0,0,0,0,0,0,0,15
cluster,15,123298,G21A,True,15,5657.015785626388,23570.078928131934,148,128,0,0,0,12,12,0,4,5,0,0,15936.968714053151,1496.8678416134803,1968.6872518141208,4167.555120651181,123,13,15
cluster,15,123299,G25OR-S21,True,15,5450.911132221385,21484.555661106926,182,169,0,0,0,0,0,0,0,0,0,0,0,0,0,0,0,0,15
cluster,15,123299,G21A,True,15,5572.137853933061,22305.689269665298,175,161,0,0,0,14,14,0,7,0,0,0,14791.641900979817,3117.2881639160278,4048.362845985681,348.3963587837716,145,16,15
cluster,16,123300,G25OR-S21,True,16,3227.6655675546745,14018.327837773375,62,34,0,0,0,0,0,0,0,0,0,0,0,0,0,0,0,0,16
cluster,16,123300,G21A,True,16,3227.6655675546745,14018.327837773375,62,34,0,0,0,0,0,0,0,0,0,0,0.0,0.0,13726.484481633317,291.84335614005863,20,42,16
cluster,16,123301,G25OR-S21,True,16,2587.895064666095,10914.475323330475,58,35,0,0,0,0,0,0,0,0,0,0,0,0,0,0,0,0,16
cluster,16,123301,G21A,True,16,2587.895064666095,10914.475323330475,58,35,0,0,0,0,0,0,0,0,0,0,0.0,0.0,10530.006129744294,384.4691935861823,20,38,16
cluster,16,123302,G25OR-S21,True,16,3180.388945822129,13851.94472911065,59,35,0,0,0,0,0,0,0,0,0,0,0,0,0,0,0,0,16
cluster,16,123302,G21A,True,16,3180.388945822129,13851.94472911065,59,35,0,0,0,0,0,0,0,0,0,0,0.0,0.0,13492.155817887919,359.7889112227308,20,39,16
cluster,16,123303,G25OR-S21,True,16,2653.983739927745,11244.918699638722,58,35,0,0,0,0,0,0,0,0,0,0,0,0,0,0,0,0,16
cluster,16,123303,G21A,True,16,2653.983739927745,11244.918699638722,58,35,0,0,0,0,0,0,0,0,0,0,0.0,0.0,10962.883300330433,282.03539930828856,20,38,16
cluster,16,123304,G25OR-S21,True,16,1568.1085117533185,5805.54255876659,55,52,0,0,0,0,0,0,0,0,0,0,0,0,0,0,0,0,16
cluster,16,123304,G21A,True,16,2763.4078671787743,11732.039335893873,59,42,0,0,0,3,3,0,1,1,0,0,99.79999999999995,898.2,10012.911304583342,721.1280313105301,25,31,16
cluster,16,123305,G25OR-S21,True,16,3001.6379307540556,13008.18965377028,57,35,0,0,0,0,0,0,0,0,0,0,0,0,0,0,0,0,16
cluster,16,123305,G21A,True,16,3001.6379307540556,13008.18965377028,57,35,0,0,0,0,0,0,0,0,0,0,0.0,0.0,12627.61342295939,380.5762308108899,20,37,16
cluster,16,123306,G25OR-S21,True,16,2016.6963716646965,7788.481858323485,64,59,0,0,0,0,0,0,0,0,0,0,0,0,0,0,0,0,16
cluster,16,123306,G21A,True,16,2411.159315974379,9685.7965798719,68,54,0,0,0,5,5,0,2,1,0,0,1074.4002617796566,1451.6049738134682,6575.552491053841,584.2388532249347,35,28,16
cluster,16,123307,G25OR-S21,True,16,2508.796311732966,10548.98155866483,57,34,0,0,0,0,0,0,0,0,0,0,0,0,0,0,0,0,16
cluster,16,123307,G21A,True,16,2508.796311732966,10548.98155866483,57,34,0,0,0,0,0,0,0,0,0,0,0.0,0.0,10171.604598881586,377.3769597832429,20,37,16
cluster,16,123308,G25OR-S21,True,16,2718.375323245799,10611.876616228987,87,81,0,0,0,0,0,0,0,0,0,0,0,0,0,0,0,0,16
cluster,16,123308,G21A,True,16,2715.300383634285,10756.501918171425,82,74,0,0,0,10,10,0,4,6,0,0,4301.814397881093,1280.2013088982808,3670.0081519928417,1504.47805939921,58,14,16
cluster,16,123309,G25OR-S21,True,16,1531.9564522013477,5839.782261006738,50,34,0,0,0,0,0,0,0,0,0,0,0,0,0,0,0,0,16
cluster,16,123309,G21A,True,16,1531.9564522013477,5839.782261006738,50,34,0,0,0,0,0,0,0,0,0,0,0.0,0.0,5405.2468232483125,434.5354377584255,20,30,16
cluster,16,123310,G25OR-S21,True,16,1518.3141508949436,5671.570754474718,51,49,0,0,0,0,0,0,0,0,0,0,0,0,0,0,0,0,16
cluster,16,123310,G21A,True,16,1890.7104109721479,7478.552054860742,55,40,0,0,0,3,3,0,1,2,0,0,99.79999999999995,898.2,5680.341687739313,800.210367121429,25,27,16
cluster,16,123311,G25OR-S21,True,16,3267.224290192485,14311.121450962424,58,35,0,0,0,0,0,0,0,0,0,0,0,0,0,0,0,0,16
cluster,16,123311,G21A,True,16,3267.224290192485,14311.121450962424,58,35,0,0,0,0,0,0,0,0,0,0,0.0,0.0,14014.44773996915,296.6737109932744,20,38,16
cluster,16,123312,G25OR-S21,True,16,2981.578667103904,12932.893335519522,56,35,0,0,0,0,0,0,0,0,0,0,0,0,0,0,0,0,16
cluster,16,123312,G21A,True,16,2981.578667103904,12932.893335519522,56,35,0,0,0,0,0,0,0,0,0,0,0.0,0.0,12632.721317971647,300.172017547874,20,36,16
cluster,16,123313,G25OR-S21,True,16,1868.450018511068,7317.250092555339,55,50,0,0,0,0,0,0,0,0,0,0,0,0,0,0,0,0,16
cluster,16,123313,G21A,True,16,2446.957716609022,10259.788583045114,55,40,0,0,0,3,3,0,1,3,0,0,99.79999999999995,898.2,7757.347092110255,1504.4414909348584,25,27,16
cluster,16,123314,G25OR-S21,True,16,2669.1590402932934,11470.795201466468,52,35,0,0,0,0,0,0,0,0,0,0,0,0,0,0,0,0,16
cluster,16,123314,G21A,True,16,2669.1590402932934,11470.795201466468,52,35,0,0,0,0,0,0,0,0,0,0,0.0,0.0,11122.631753928581,348.163447537886,20,32,16
minradius,10,123315,G25OR-S21,True,10,6130.620687901273,22688.10343950637,259,248,0,0,0,0,0,0,0,0,0,0,0,0,0,0,0,0,10
minradius,10,123315,G21A,True,10,6299.710475106559,23603.552375532803,257,244,0,0,0,10,10,0,8,4,0,0,12353.98153345256,4951.576935667302,4659.641505451156,1638.3524009617859,241,6,10
minradius,10,123316,G25OR-S21,True,10,7158.003851664033,27315.019258320157,275,270,0,0,0,0,0,0,0,0,0,0,0,0,0,0,0,0,10
minradius,10,123316,G21A,True,10,7480.610564241979,29148.05282120989,269,256,0,0,0,10,9,1,9,5,0,0,11033.904966458986,6519.303166712674,6371.7685823233915,5223.076105714839,252,7,10
minradius,10,123317,G25OR-S21,True,10,6454.8967675828935,24144.483837914468,264,256,0,0,0,0,0,0,0,0,0,0,0,0,0,0,0,0,10
minradius,10,123317,G21A,True,10,6636.835915134262,25189.17957567131,261,244,0,0,0,10,9,1,6,2,0,0,13528.66959953518,3986.5620476897684,6031.347829610291,1642.600098836071,241,10,10
minradius,10,123318,G25OR-S21,True,10,7032.273533510265,26471.36766755133,282,278,0,0,0,0,0,0,0,0,0,0,0,0,0,0,0,0,10
minradius,10,123318,G21A,True,10,7135.315412271139,27351.57706135569,272,255,0,0,0,10,10,0,6,2,0,0,13745.917702069295,3806.98761900332,8647.505472504603,1151.1662677784707,253,9,10
minradius,10,123319,G25OR-S21,True,10,6838.904197916617,25814.520989583085,272,266,0,0,0,0,0,0,0,0,0,0,0,0,0,0,0,0,10
minradius,10,123319,G21A,True,10,6948.832753274573,26594.163766372854,266,250,0,0,0,10,9,1,7,3,0,0,13945.75648368461,3499.685810156432,6796.026340298813,2352.6951322329987,247,9,10
minradius,10,123320,G25OR-S21,True,10,6446.320368346133,24016.60184173067,267,258,0,0,0,0,0,0,0,0,0,0,0,0,0,0,0,0,10
minradius,10,123320,G21A,True,10,6722.510879559473,25612.55439779737,261,245,0,0,0,10,10,0,5,3,0,0,14144.408573448341,3594.110358868182,6143.160200386155,1730.87526509469,244,7,10
minradius,10,123321,G25OR-S21,True,10,6764.348145590619,25756.740727953103,262,253,0,0,0,0,0,0,0,0,0,0,0,0,0,0,0,0,10
minradius,10,123321,G21A,True,10,6696.479069793748,25507.395348968734,260,245,0,0,0,10,10,0,7,5,0,0,12708.033361605558,4603.046117895501,4177.717199053153,4018.5986704145234,245,5,10
minradius,10,123322,G25OR-S21,True,10,6635.2259081838965,24346.129540919475,288,276,0,0,0,0,0,0,0,0,0,0,0,0,0,0,0,0,10
minradius,10,123322,G21A,True,10,6889.529637397685,25787.648186988423,283,267,0,0,0,10,10,0,5,3,0,0,14006.77690838101,3687.1447475690356,4184.71084788724,3909.015683151136,266,7,10
minradius,10,123323,G25OR-S21,True,10,6527.051401413372,24185.25700706686,275,265,0,0,0,0,0,0,0,0,0,0,0,0,0,0,0,0,10
minradius,10,123323,G21A,True,10,6659.578591240516,25017.89295620258,270,256,0,0,0,10,10,0,7,4,0,0,13225.159238537975,4432.212468701156,4163.71662474388,3196.8046242195705,254,6,10
minradius,10,123324,G25OR-S21,True,10,6446.957847466751,24294.78923733376,258,248,0,0,0,0,0,0,0,0,0,0,0,0,0,0,0,0,10
minradius,10,123324,G21A,True,10,6774.147713502486,26140.73856751244,252,236,0,0,0,10,10,0,6,2,0,0,13577.684976220502,4133.498023057902,5554.812987075431,2874.7425811586036,235,7,10
minradius,10,123325,G25OR-S21,True,10,6803.44343622997,25662.21718114984,271,266,0,0,0,0,0,0,0,0,0,0,0,0,0,0,0,0,10
minradius,10,123325,G21A,True,10,7516.889020772643,29459.445103863203,265,250,0,0,0,10,10,0,6,0,0,0,13619.15954419336,4289.770520702485,11366.608062038074,183.9069769292837,245,10,10
minradius,10,123326,G25OR-S21,True,10,6401.855251917707,23914.27625958854,263,254,0,0,0,0,0,0,0,0,0,0,0,0,0,0,0,0,10
minradius,10,123326,G21A,True,10,6526.345707010092,24806.728535050457,255,240,0,0,0,10,10,0,6,6,0,1,12409.909481059301,4665.2414840017955,3441.8239646476177,4289.7536053417425,241,4,10
minradius,10,123327,G25OR-S21,True,10,6410.931987387858,24159.65993693929,256,249,0,0,0,0,0,0,0,0,0,0,0,0,0,0,0,0,10
minradius,10,123327,G21A,True,10,6816.800922531293,26364.00461265647,252,234,0,0,0,10,9,1,5,5,0,0,14220.846399366552,2764.7503398030776,6576.8035044967255,2801.604368990115,235,7,10
minradius,10,123328,G25OR-S21,True,10,6503.1315419966295,24360.65770998315,265,256,0,0,0,0,0,0,0,0,0,0,0,0,0,0,0,0,10
minradius,10,123328,G21A,True,10,6513.692474796418,24618.462373982093,259,245,0,0,0,10,10,0,7,5,0,0,12051.369200159279,5238.043837344097,4565.752264027185,2763.2970724515326,244,5,10
minradius,10,123329,G25OR-S21,True,10,7017.777629531314,26698.888147656577,272,268,0,0,0,0,0,0,0,0,0,0,0,0,0,0,0,0,10
minradius,10,123329,G21A,True,10,6998.233762163953,26866.168810819774,265,250,0,0,0,10,10,0,6,1,0,0,14988.331840303152,2920.598224592694,8120.4663629770985,836.7723829468305,246,9,10
minradius,11,123330,G25OR-S21,True,11,6302.4740069025165,23412.370034512584,262,255,0,0,0,0,0,0,0,0,0,0,0,0,0,0,0,0,11
minradius,11,123330,G21A,True,11,6662.312129725253,25381.560648626255,258,241,0,0,0,11,9,2,8,5,0,0,10688.445546691146,6401.457652710367,4092.3679337895846,4199.289515435157,237,10,11
minradius,11,123331,G25OR-S21,True,11,6704.488062047058,25517.440310235284,259,251,0,0,0,0,0,0,0,0,0,0,0,0,0,0,0,0,11
minradius,11,123331,G21A,True,11,6744.843063810487,25884.215319052437,255,238,0,0,0,11,10,1,7,6,0,1,13138.491045858846,3677.452705533939,4956.360985440959,4111.910582218692,237,7,11
minradius,11,123332,G25OR-S21,True,11,6552.612924305736,24833.064621528694,256,251,0,0,0,0,0,0,0,0,0,0,0,0,0,0,0,0,11
minradius,11,123332,G21A,True,11,6632.489485592261,25402.447427961306,252,237,0,0,0,11,10,1,7,4,0,0,12600.22955352702,4343.352055469746,5800.1164380536175,2658.749380910922,233,8,11
minradius,11,123333,G25OR-S21,True,11,6569.853414970958,24929.26707485479,256,249,0,0,0,0,0,0,0,0,0,0,0,0,0,0,0,0,11
minradius,11,123333,G21A,True,11,6979.068856662691,27135.344283313465,252,237,0,0,0,11,10,1,8,3,0,0,11961.331452216973,5035.83765088098,8467.9607691684,1670.2144110471127,231,10,11
minradius,11,123334,G25OR-S21,True,11,6875.612814823374,26768.06407411685,246,237,0,0,0,0,0,0,0,0,0,0,0,0,0,0,0,0,11
minradius,11,123334,G21A,True,11,7114.928558289273,28029.642791446364,245,229,0,0,0,11,11,0,6,5,0,0,13598.6916401934,4310.238424702446,5065.328697462257,5055.384029088262,228,6,11
minradius,11,123335,G25OR-S21,True,11,7188.340741421352,27731.703707106757,265,262,0,0,0,0,0,0,0,0,0,0,0,0,0,0,0,0,11
minradius,11,123335,G21A,True,11,7255.894780809215,28324.473904046088,258,246,0,0,0,11,11,0,9,1,0,0,12164.238823970527,5382.262306603074,10139.089061489529,638.8837119829586,237,10,11
minradius,11,123336,G25OR-S21,True,11,6643.23558766122,25596.177938306108,246,239,0,0,0,0,0,0,0,0,0,0,0,0,0,0,0,0,11
minradius,11,123336,G21A,True,11,7091.943317395044,27989.71658697522,242,229,0,0,0,11,11,0,8,7,0,0,11084.023286369558,5797.812128217352,4550.836142031854,6557.045030356456,227,4,11
minradius,11,123337,G25OR-S21,True,11,6140.241970779087,22491.20985389544,266,257,0,0,0,0,0,0,0,0,0,0,0,0,0,0,0,0,11
minradius,11,123337,G21A,True,11,7369.484836142963,28672.424180714814,266,250,0,0,0,11,10,1,7,1,0,0,12886.662986985251,5022.267077910595,9867.272979360678,896.2211364582909,243,12,11
minradius,11,123338,G25OR-S21,True,11,6706.846898901543,25979.23449450772,244,236,0,0,0,0,0,0,0,0,0,0,0,0,0,0,0,0,11
minradius,11,123338,G21A,True,11,7084.798502326499,28013.992511632507,241,222,0,0,0,11,9,2,6,5,0,0,13672.9106019478,3725.00968584728,5300.267684600094,5315.8045392373315,220,10,11
minradius,11,123339,G25OR-S21,True,11,6847.444434033847,26497.222170169225,250,243,0,0,0,0,0,0,0,0,0,0,0,0,0,0,0,0,11
minradius,11,123339,G21A,True,11,7052.195508956862,27595.977544784302,249,233,0,0,0,11,10,1,8,4,0,0,12136.911756468447,5442.678484431112,5946.965003012967,4069.4223008717754,229,9,11
minradius,11,123340,G25OR-S21,True,11,6670.535355806607,25642.676779033027,249,242,0,0,0,0,0,0,0,0,0,0,0,0,0,0,0,0,11
minradius,11,123340,G21A,True,11,6878.111025063593,26900.55512531797,243,228,0,0,0,11,10,1,8,5,0,0,12730.556028055973,4753.01449980715,4774.289593779977,4642.695003674869,224,8,11
minradius,11,123341,G25OR-S21,True,11,6628.150941648188,25590.75470824094,244,235,0,0,0,0,0,0,0,0,0,0,0,0,0,0,0,0,11
minradius,11,123341,G21A,True,11,6595.498821523359,25542.4941076168,241,227,0,0,0,11,11,0,6,5,0,0,12143.512105468724,4255.936507432119,5431.666674034364,3711.378820681592,224,6,11
minradius,11,123342,G25OR-S21,True,11,6138.1247070302015,22870.62353515101,253,244,0,0,0,0,0,0,0,0,0,0,0,0,0,0,0,0,11
minradius,11,123342,G21A,True,11,6696.518468155742,25807.5923407787,249,235,0,0,0,11,11,0,7,6,0,0,11304.268366780321,5147.599125030875,4983.277192920636,4372.44765604687,233,5,11
minradius,11,123343,G25OR-S21,True,11,6547.998735175353,25314.993675876758,240,230,0,0,0,0,0,0,0,0,0,0,0,0,0,0,0,0,11
minradius,11,123343,G21A,True,11,6715.78673609774,26243.933680488703,238,222,0,0,0,11,10,1,7,6,0,0,13436.341681325905,3511.013715963098,5138.524569197027,4158.053714002673,220,7,11
minradius,11,123344,G25OR-S21,True,11,7143.10189503686,27790.5094751843,256,250,0,0,0,0,0,0,0,0,0,0,0,0,0,0,0,0,11
minradius,11,123344,G21A,True,11,7181.846600739226,28099.233003696118,254,237,0,0,0,11,10,1,6,2,0,0,13965.592910559453,3943.3371543363924,8058.8029302284085,2131.500008571864,232,11,11
minradius,12,123345,G25OR-S21,True,12,5981.324925321648,22771.624626608238,230,217,0,0,0,0,0,0,0,0,0,0,0,0,0,0,0,0,12
minradius,12,123345,G21A,True,12,6041.27208945069,23076.36044725344,230,216,0,0,0,12,12,0,7,5,0,0,13113.725369934778,4450.931083929691,3545.904382844201,1965.7996105447673,211,7,12
minradius,12,123346,G25OR-S21,True,12,6644.063051711932,25295.315258559654,255,250,0,0,0,0,0,0,0,0,0,0,0,0,0,0,0,0,12
minradius,12,123346,G21A,True,12,7058.126442737031,27610.632213685152,249,231,0,0,0,12,10,2,7,5,0,0,13248.830554794591,4323.160961528511,6354.91776957488,3683.72292778717,226,11,12
minradius,12,123347,G25OR-S21,True,12,6302.7203497802475,24558.60174890124,223,216,0,0,0,0,0,0,0,0,0,0,0,0,0,0,0,0,12
minradius,12,123347,G21A,True,12,6714.15720782522,26795.786039126102,218,205,0,0,0,12,12,0,8,6,0,0,11018.805155264587,4966.08103355101,6779.16428834376,4031.7355619667455,200,6,12
minradius,12,123348,G25OR-S21,True,12,6377.852197140083,24809.260985700417,227,221,0,0,0,0,0,0,0,0,0,0,0,0,0,0,0,0,12
minradius,12,123348,G21A,True,12,6609.315732550326,26131.57866275163,223,208,0,0,0,12,11,1,8,3,0,2,13707.311889989567,3907.5958745754347,7639.51354795141,877.1573502352185,200,11,12
minradius,12,123349,G25OR-S21,True,12,6393.355182080111,25086.775910400556,221,211,0,0,0,0,0,0,0,0,0,0,0,0,0,0,0,0,12
minradius,12,123349,G21A,True,12,6361.718466554927,25168.59233277463,214,198,0,0,0,12,12,0,5,5,0,0,14327.543637556248,3505.1312328861713,5422.184758021718,1913.7327043104942,195,7,12
minradius,12,123350,G25OR-S21,True,12,6228.101288453824,23745.50644226911,238,229,0,0,0,0,0,0,0,0,0,0,0,0,0,0,0,0,12
minradius,12,123350,G21A,True,12,6827.150293028062,26900.751465140307,234,217,0,0,0,12,11,1,6,4,0,0,14317.428252449252,3388.215435362995,7068.167960989147,2126.9398163389146,212,10,12
minradius,12,123351,G25OR-S21,True,12,6382.063079363056,24965.31539681529,223,214,0,0,0,0,0,0,0,0,0,0,0,0,0,0,0,0,12
minradius,12,123351,G21A,True,12,6386.114595652585,25215.57297826292,216,203,0,0,0,12,12,0,9,10,0,0,10725.569857445205,6235.909252403736,534.6374508734807,7719.4564175404985,202,2,12
minradius,12,123352,G25OR-S21,True,12,6862.199650852007,26555.998254260034,250,241,0,0,0,0,0,0,0,0,0,0,0,0,0,0,0,0,12
minradius,12,123352,G21A,True,12,7001.181309387892,27435.90654693946,245,229,0,0,0,12,11,1,6,2,0,0,13589.580759472623,3992.754019818435,8541.728737954862,1311.8430296935394,221,12,12
minradius,12,123353,G25OR-S21,True,12,6457.4947637176,24792.473818587994,241,234,0,0,0,0,0,0,0,0,0,0,0,0,0,0,0,0,12
minradius,12,123353,G21A,True,12,6825.51897193049,26832.594859652443,236,219,0,0,0,12,11,1,6,4,0,0,14156.825731795587,3677.1004545324777,5138.932025743703,3859.7366475806757,214,10,12
minradius,12,123354,G25OR-S21,True,12,6905.068526410215,27340.342632051077,231,222,0,0,0,0,0,0,0,0,0,0,0,0,0,0,0,0,12
minradius,12,123354,G21A,True,12,6988.822529399222,27939.112646996102,226,211,0,0,0,12,11,1,8,5,0,0,11336.09607518179,6018.64160581948,5915.917057466395,4668.457908528439,206,8,12
minradius,12,123355,G25OR-S21,True,12,6326.7931301898725,24283.96565094937,236,230,0,0,0,0,0,0,0,0,0,0,0,0,0,0,0,0,12
minradius,12,123355,G21A,True,12,6675.14703167105,26285.735158355244,229,213,0,0,0,12,10,2,8,2,0,0,11914.378067022,5753.739589989856,5554.426875526235,3063.190625817154,207,10,12
minradius,12,123356,G25OR-S21,True,12,6482.499750656581,25372.498753282907,226,218,0,0,0,0,0,0,0,0,0,0,0,0,0,0,0,0,12
minradius,12,123356,G21A,True,12,6711.882898943899,26794.414494719498,218,203,0,0,0,12,12,0,6,3,0,0,13986.72863275499,3798.379595252122,7819.969646493584,1189.3366202188017,197,9,12
minradius,12,123357,G25OR-S21,True,12,6531.91391713356,25134.569585667807,242,235,0,0,0,0,0,0,0,0,0,0,0,0,0,0,0,0,12
minradius,12,123357,G21A,True,12,6950.697277479395,27518.486387396973,234,217,0,0,0,12,10,2,8,5,0,0,11744.420436330493,5446.745932848937,4125.971969059865,6201.348049157678,212,10,12
minradius,12,123358,G25OR-S21,True,12,6691.1585431175545,26055.792715587777,237,235,0,0,0,0,0,0,0,0,0,0,0,0,0,0,0,0,12
minradius,12,123358,G21A,True,12,6929.796352499539,27523.981762497697,230,215,0,0,0,12,12,0,6,4,0,0,13310.953744048942,4030.6107329659058,7736.948555403444,2445.4687300794044,210,8,12
minradius,12,123359,G25OR-S21,True,12,6773.726560336555,25833.63280168276,259,252,0,0,0,0,0,0,0,0,0,0,0,0,0,0,0,0,12
minradius,12,123359,G21A,True,12,6723.806902910061,25894.0345145503,250,235,0,0,0,12,12,0,6,6,0,1,13675.042564124333,4093.960176189542,4866.171567121772,3258.860207114656,232,6,12
minradius,13,123360,G25OR-S21,True,13,6529.135458605369,25740.67729302684,221,211,0,0,0,0,0,0,0,0,0,0,0,0,0,0,0,0,13
minradius,13,123360,G21A,True,13,6662.455327870348,26477.276639351727,219,207,0,0,0,13,13,0,9,6,0,0,11592.51292025653,5763.154541042551,4540.404362573339,4581.2048154793065,199,7,13
minradius,13,123361,G25OR-S21,True,13,6931.370463221138,27486.852316105676,229,224,0,0,0,0,0,0,0,0,0,0,0,0,0,0,0,0,13
minradius,13,123361,G21A,True,13,6741.370310817432,26776.851554087167,222,211,0,0,0,13,13,0,10,6,0,0,11161.240285482905,5969.3836975227005,5317.790761402375,4328.436809679184,202,7,13
minradius,13,123362,G25OR-S21,True,13,6759.006223264331,27260.031116321657,208,202,0,0,0,0,0,0,0,0,0,0,0,0,0,0,0,0,13
minradius,13,123362,G21A,True,13,6845.715041436298,28118.57520718149,195,182,0,0,0,13,12,1,9,7,0,0,11812.254488249819,5469.371366338666,6996.896850762241,3840.0525018307626,175,7,13
minradius,13,123363,G25OR-S21,True,13,6247.548802062729,24267.74401031364,223,214,0,0,0,0,0,0,0,0,0,0,0,0,0,0,0,0,13
minradius,13,123363,G21A,True,13,6987.385899479635,28056.929497398167,221,206,0,0,0,13,12,1,7,9,0,0,12030.6206522073,4837.025546068054,4870.083266674203,6319.200032448609,202,6,13
minradius,13,123364,G25OR-S21,True,13,6733.0014942228,26925.007471113982,215,208,0,0,0,0,0,0,0,0,0,0,0,0,0,0,0,0,13
minradius,13,123364,G21A,True,13,6786.048194103559,27295.240970517796,213,197,0,0,0,13,11,2,8,5,0,0,12088.322835891373,5340.771044261797,6789.366214688969,3076.7808756756567,189,11,13
minradius,13,123365,G25OR-S21,True,13,6554.484386337742,25917.4219316887,219,211,0,0,0,0,0,0,0,0,0,0,0,0,0,0,0,0,13
minradius,13,123365,G21A,True,13,6561.450302546817,26177.251512734074,212,201,0,0,0,13,13,0,10,7,0,0,10952.195138786035,6170.083820378925,4337.446206077457,4717.5263474916555,193,6,13
minradius,13,123366,G25OR-S21,True,13,5931.505089120669,22827.525445603354,218,211,0,0,0,0,0,0,0,0,0,0,0,0,0,0,0,0,13
minradius,13,123366,G21A,True,13,6471.325258347716,25656.62629173858,215,200,0,0,0,13,13,0,7,3,0,0,12380.118233846179,5126.115631105091,7067.695332520456,1082.697094266854,192,10,13
minradius,13,123367,G25OR-S21,True,13,6509.588557556265,25307.942787781318,231,228,0,0,0,0,0,0,0,0,0,0,0,0,0,0,0,0,13
minradius,13,123367,G21A,True,13,6945.613950598873,27883.069752994365,220,204,0,0,0,13,13,0,6,6,0,1,13542.127221517909,3968.179422248969,4850.447164952464,5522.315944275023,200,7,13
minradius,13,123368,G25OR-S21,True,13,6583.854407879309,25734.27203939655,230,222,0,0,0,0,0,0,0,0,0,0,0,0,0,0,0,0,13
minradius,13,123368,G21A,True,13,6556.762730774561,25808.8136538728,224,210,0,0,0,13,13,0,8,4,0,0,12083.136818363602,5354.917761181635,6549.272206726961,1821.4868676006008,202,9,13
minradius,13,123369,G25OR-S21,True,13,6833.323329905845,27186.616649529227,223,216,0,0,0,0,0,0,0,0,0,0,0,0,0,0,0,0,13
minradius,13,123369,G21A,True,13,7104.034038463848,28670.17019231924,220,205,0,0,0,13,12,1,8,4,0,0,11836.924367255966,5631.62267987459,6764.26823006093,4437.354915127754,196,11,13
minradius,13,123370,G25OR-S21,True,13,6478.201668465147,25996.00834232573,204,194,0,0,0,0,0,0,0,0,0,0,0,0,0,0,0,0,13
minradius,13,123370,G21A,True,13,6683.707040513658,27033.535202568284,205,187,0,0,0,13,11,2,8,4,0,0,12475.957598828922,5118.102874099683,7877.853900199218,1561.6208294404623,179,13,13
minradius,13,123371,G25OR-S21,True,13,6318.035588896289,24830.177944481435,216,207,0,0,0,0,0,0,0,0,0,0,0,0,0,0,0,0,13
minradius,13,123371,G21A,True,13,6630.061475896193,26505.30737948098,213,199,0,0,0,13,12,1,8,6,0,0,13042.789754130232,4435.721249936279,3506.563672627286,5520.2327027871825,192,8,13
minradius,13,123372,G25OR-S21,True,13,6731.096076324821,26680.480381624104,223,215,0,0,0,0,0,0,0,0,0,0,0,0,0,0,0,0,13
minradius,13,123372,G21A,True,13,7189.089515342875,29085.447576714363,220,207,0,0,0,13,13,0,8,3,0,0,12579.847075476508,5329.082989419336,9592.34549014498,1584.1720216735375,197,10,13
minradius,13,123373,G25OR-S21,True,13,6146.159005382551,23965.79502691276,216,208,0,0,0,0,0,0,0,0,0,0,0,0,0,0,0,0,13
minradius,13,123373,G21A,True,13,7224.936384277911,29429.681921389554,215,199,0,0,0,13,12,1,6,5,0,0,13309.987646271418,3605.8574909549534,9287.980671833466,3225.856112329717,192,10,13
minradius,13,123374,G25OR-S21,True,13,6859.7826977858995,27633.913488929495,212,208,0,0,0,0,0,0,0,0,0,0,0,0,0,0,0,0,13
minradius,13,123374,G21A,True,13,6754.631660465225,27268.158302326123,208,196,0,0,0,13,13,0,9,3,0,0,11513.35637951344,5862.97374509674,8588.304951552964,1303.5232261629794,185,10,13
minradius,14,123375,G25OR-S21,True,14,6212.128346954904,24565.641734774523,206,199,0,0,0,0,0,0,0,0,0,0,0,0,0,0,0,0,14
minradius,14,123375,G21A,True,14,6241.1925185537975,24800.962592768992,204,191,0,0,0,14,14,0,8,6,0,0,13132.842314024707,3872.59853422158,5098.6735807812,2696.8481637415052,182,8,14
minradius,14,123376,G25OR-S21,True,14,6767.877964939291,27584.38982469645,198,191,0,0,0,0,0,0,0,0,0,0,0,0,0,0,0,0,14
minradius,14,123376,G21A,True,14,6896.7258165720705,28553.629082860345,188,176,0,0,0,14,14,0,9,4,0,0,11922.642239052448,5736.401939674654,8071.744104907921,2822.840799225323,164,10,14
minradius,14,123377,G25OR-S21,True,14,6712.443338326608,26967.216691633035,209,204,0,0,0,0,0,0,0,0,0,0,0,0,0,0,0,0,14
minradius,14,123377,G21A,True,14,6730.906901725607,27494.53450862803,196,182,0,0,0,14,13,1,8,7,0,0,11838.512359651066,5587.022818759272,5340.176129820986,4728.823200396706,174,8,14
minradius,14,123378,G25OR-S21,True,14,6590.160989284527,26440.80494642264,206,202,0,0,0,0,0,0,0,0,0,0,0,0,0,0,0,0,14
minradius,14,123378,G21A,True,14,6763.514816717908,27532.57408358953,200,187,0,0,0,14,13,1,9,5,0,0,11162.134209176267,6250.721622298351,6389.317469508369,3730.4007826065435,176,10,14
minradius,14,123379,G25OR-S21,True,14,6316.161541547288,25035.80770773644,208,199,0,0,0,0,0,0,0,0,0,0,0,0,0,0,0,0,14
minradius,14,123379,G21A,True,14,6870.569568526843,28027.847842634223,202,185,0,0,0,14,12,2,8,4,0,0,11882.379524384874,6026.550540510972,8290.09889523499,1828.8188825033867,174,14,14
minradius,14,123380,G25OR-S21,True,14,5707.274832803608,22071.374164018045,205,198,0,0,0,0,0,0,0,0,0,0,0,0,0,0,0,0,14
minradius,14,123380,G21A,True,14,6959.570838803226,28492.854194016127,201,186,0,0,0,14,13,1,8,5,0,0,12729.013186717719,4681.696353948252,8799.812789836335,2282.331863513822,176,11,14
minradius,14,123381,G25OR-S21,True,14,7066.447451564327,28862.237257821635,205,199,0,0,0,0,0,0,0,0,0,0,0,0,0,0,0,0,14
minradius,14,123381,G21A,True,14,6804.217510441815,27606.087552209065,205,188,0,0,0,14,12,2,8,6,0,0,12196.381576499003,5015.971899478553,6580.5039158206855,3813.2301604108234,179,12,14
minradius,14,123382,G25OR-S21,True,14,6803.680832121971,27463.40416060985,208,201,0,0,0,0,0,0,0,0,0,0,0,0,0,0,0,0,14
minradius,14,123382,G21A,True,14,6421.993427212112,25829.967136060568,200,186,0,0,0,14,13,1,9,6,0,0,10331.942984233809,6337.222840451321,5320.493267319765,3840.3080440556737,176,10,14
minradius,14,123383,G25OR-S21,True,14,6596.584625215922,26787.923126079608,196,189,0,0,0,0,0,0,0,0,0,0,0,0,0,0,0,0,14
minradius,14,123383,G21A,True,14,6957.166446237144,28870.832231185716,188,173,0,0,0,14,13,1,8,7,0,0,13055.932139305458,4247.2113068844055,5597.517070740592,5970.171714255261,165,9,14
minradius,14,123384,G25OR-S21,True,14,6217.262517418509,24926.312587092543,195,187,0,0,0,0,0,0,0,0,0,0,0,0,0,0,0,0,14
minradius,14,123384,G21A,True,14,6579.98244212834,27214.912210641698,180,167,0,0,0,14,14,0,8,6,0,0,12333.343485837659,4908.912760493261,6009.12473101489,3963.531233295889,159,7,14
minradius,14,123385,G25OR-S21,True,14,6346.458473397648,25667.292366988233,192,183,0,0,0,0,0,0,0,0,0,0,0,0,0,0,0,0,14
minradius,14,123385,G21A,True,14,6559.196195894907,26855.980979474534,189,173,0,0,0,14,13,1,7,10,0,0,11954.412623283011,5305.876573767782,1954.3397351522508,7641.35204727149,169,6,14
minradius,14,123386,G25OR-S21,True,14,6224.375657216823,24186.878286084106,221,212,0,0,0,0,0,0,0,0,0,0,0,0,0,0,0,0,14
minradius,14,123386,G21A,True,14,6339.827131693397,24924.13565846698,216,205,0,0,0,14,14,0,10,7,0,0,11302.4082210419,5834.546459965022,3697.294542876796,4089.8864345832617,195,7,14
minradius,14,123387,G25OR-S21,True,14,6601.180511783503,26680.902558917518,200,195,0,0,0,0,0,0,0,0,0,0,0,0,0,0,0,0,14
minradius,14,123387,G21A,True,14,6291.381342824629,25446.906714123154,191,177,0,0,0,14,12,2,9,7,0,0,10235.767724516303,6162.362183555054,4563.335776862714,4485.441029189084,168,9,14
minradius,14,123388,G25OR-S21,True,14,6784.907223207853,26854.536116039257,225,219,0,0,0,0,0,0,0,0,0,0,0,0,0,0,0,0,14
minradius,14,123388,G21A,True,14,7322.119591384434,29760.597956922156,219,205,0,0,0,14,13,1,8,6,0,0,11520.498637033172,5571.529102136906,8527.074615404636,4141.495602347444,196,9,14
minradius,14,123389,G25OR-S21,True,14,6091.542844880554,24722.714224402775,181,172,0,0,0,0,0,0,0,0,0,0,0,0,0,0,0,0,14
minradius,14,123389,G21A,True,14,6308.77391555075,25978.869577753754,176,163,0,0,0,14,14,0,8,8,0,0,12421.521188793397,4542.93044216345,4397.129116539934,4617.288830256972,156,6,14
minradius,15,123390,G25OR-S21,True,15,6514.288806440002,26241.44403220001,199,196,0,0,0,0,0,0,0,0,0,0,0,0,0,0,0,0,15
minradius,15,123390,G21A,True,15,6756.492195349642,27807.460976748207,189,175,0,0,0,15,14,1,9,5,0,0,11460.355224829033,6448.574840066813,5941.789231183397,3956.7416806689653,162,12,15
minradius,15,123391,G25OR-S21,True,15,6287.163804718204,25210.819023591022,196,190,0,0,0,0,0,0,0,0,0,0,0,0,0,0,0,0,15
minradius,15,123391,G21A,True,15,6575.449120947111,26972.245604735563,187,171,0,0,0,15,14,1,7,3,0,0,12980.117506254237,4267.321984285307,8692.98481782795,1031.8212963680694,158,14,15
minradius,15,123392,G25OR-S21,True,15,6283.846044969728,25804.230224848638,176,168,0,0,0,0,0,0,0,0,0,0,0,0,0,0,0,0,15
minradius,15,123392,G21A,True,15,6542.991249304565,27204.956246522834,173,162,0,0,0,15,15,0,10,7,0,0,10548.272775474506,6730.417266275979,5714.695143004985,4211.571061767365,150,8,15
minradius,15,123393,G25OR-S21,True,15,6381.711476112741,26313.55738056371,175,169,0,0,0,0,0,0,0,0,0,0,0,0,0,0,0,0,15
minradius,15,123393,G21A,True,15,7259.774298404622,31058.8714920231,164,153,0,0,0,15,15,0,11,6,0,0,11498.552976960775,5634.874287849027,10745.590918818067,3179.8533083952316,139,10,15
minradius,15,123394,G25OR-S21,True,15,6467.892525325629,26914.46262662815,170,160,0,0,0,0,0,0,0,0,0,0,0,0,0,0,0,0,15
minradius,15,123394,G21A,True,15,6615.674867041361,27758.37433520679,167,154,0,0,0,15,15,0,8,6,0,1,12250.872775975824,5211.2378815610855,5792.584666852796,4503.679010817084,143,9,15
minradius,15,123395,G25OR-S21,True,15,6838.27186054713,27931.359302735655,197,192,0,0,0,0,0,0,0,0,0,0,0,0,0,0,0,0,15
minradius,15,123395,G21A,True,15,7088.012240649301,29340.061203246507,193,180,0,0,0,15,15,0,8,4,0,0,12479.357186622907,5058.81623788385,8949.58157563638,2852.3062031033696,167,11,15
minradius,15,123396,G25OR-S21,True,15,6669.160579809729,26750.80289904864,208,204,0,0,0,0,0,0,0,0,0,0,0,0,0,0,0,0,15
minradius,15,123396,G21A,True,15,6594.450301079617,26747.251505398086,197,185,0,0,0,15,15,0,8,6,0,1,12675.32982228232,4183.525812115055,7102.454127256551,2785.9417437441607,173,9,15
minradius,15,123397,G25OR-S21,True,15,6718.187852897087,27530.93926448542,191,182,0,0,0,0,0,0,0,0,0,0,0,0,0,0,0,0,15
minradius,15,123397,G21A,True,15,6642.204095398514,27466.020476992577,181,169,0,0,0,15,15,0,9,5,0,0,11909.666221574906,5999.263843320943,7303.901950638097,2253.1884614586306,156,10,15
minradius,15,123398,G25OR-S21,True,15,6486.732564057497,26288.66282028748,193,189,0,0,0,0,0,0,0,0,0,0,0,0,0,0,0,0,15
minradius,15,123398,G21A,True,15,6766.698429754719,27973.49214877359,185,172,0,0,0,15,15,0,9,6,0,0,12527.991862786763,5209.025363027364,7584.684055201647,2651.7908677578134,161,9,15
minradius,15,123399,G25OR-S21,True,15,6327.950584944164,25924.75292472081,179,173,0,0,0,0,0,0,0,0,0,0,0,0,0,0,0,0,15
minradius,15,123399,G21A,True,15,6312.724465158112,26098.622325790555,172,158,0,0,0,15,15,0,9,6,0,0,11121.822188195141,6445.775156386009,5171.055500429957,3359.9694807794467,148,9,15
minradius,15,123400,G25OR-S21,True,15,6088.522455207531,25272.61227603766,162,149,0,0,0,0,0,0,0,0,0,0,0,0,0,0,0,0,15
minradius,15,123400,G21A,True,15,6509.802814470318,27404.01407235158,161,149,0,0,0,15,15,0,9,8,0,0,13110.558873194801,4378.227574877961,2929.8259159726404,6985.401708306179,139,7,15
minradius,15,123401,G25OR-S21,True,15,6159.141650596132,25045.70825298066,181,170,0,0,0,0,0,0,0,0,0,0,0,0,0,0,0,0,15
minradius,15,123401,G21A,True,15,6449.026827775774,26600.13413887886,178,164,0,0,0,15,15,0,7,7,0,0,12259.789860811516,4538.672976793474,6262.440595143216,3539.230706130654,155,8,15
minradius,15,123402,G25OR-S21,True,15,6792.320857378448,27846.604286892238,192,188,0,0,0,0,0,0,0,0,0,0,0,0,0,0,0,0,15
minradius,15,123402,G21A,True,15,6816.253103999094,28166.265519995464,187,173,0,0,0,15,15,0,8,5,0,0,12197.26793022133,4793.345638765755,8116.776820319767,3058.8751306886134,162,10,15
minradius,15,123403,G25OR-S21,True,15,6630.636149999174,27323.180749995863,183,176,0,0,0,0,0,0,0,0,0,0,0,0,0,0,0,0,15
minradius,15,123403,G21A,True,15,6951.515378996512,29017.576894982547,181,168,0,0,0,15,15,0,9,4,0,0,11405.858741862934,6198.471002734476,9091.010481625606,2322.2366687595304,155,11,15
minradius,15,123404,G25OR-S21,True,15,6242.809981354246,25009.049906771234,195,191,0,0,0,0,0,0,0,0,0,0,0,0,0,0,0,0,15
minradius,15,123404,G21A,True,15,6699.497245073065,27522.486225365323,189,175,0,0,0,15,14,1,9,7,0,0,10073.562621185341,6388.389160380285,4762.220257600766,6298.31418619893,164,10,15
minradius,16,123405,G25OR-S21,True,16,3874.252095721063,15641.26047860532,112,106,0,0,0,0,0,0,0,0,0,0,0,0,0,0,0,0,16
minradius,16,123405,G21A,True,16,3977.583908918401,16207.919544592003,111,101,0,0,0,10,10,0,5,5,0,0,2209.307773311045,3150.779630199244,7720.236058130692,3127.5960829510223,83,18,16
minradius,16,123406,G25OR-S21,True,16,4108.014620201375,16390.073101006874,126,120,0,0,0,0,0,0,0,0,0,0,0,0,0,0,0,0,16
minradius,16,123406,G21A,True,16,4066.1562948931814,16330.781474465912,122,110,0,0,0,8,8,0,4,3,0,0,2743.42991841041,2731.806282711749,9733.602375867658,1121.942897476095,93,21,16
minradius,16,123407,G25OR-S21,True,16,4108.718791881482,16558.59395940741,120,117,0,0,0,0,0,0,0,0,0,0,0,0,0,0,0,0,16
minradius,16,123407,G21A,True,16,4138.10463876269,16865.523193813446,115,110,0,0,0,13,13,0,7,3,0,0,1542.2096669011858,4454.585347035112,8970.174278638968,1898.5539012381805,86,16,16
minradius,16,123408,G25OR-S21,True,16,4488.413006549193,18427.06503274596,122,113,0,0,0,0,0,0,0,0,0,0,0,0,0,0,0,0,16
minradius,16,123408,G21A,True,16,4168.6603141409,16968.3015707045,117,110,0,0,0,13,13,0,6,5,0,0,1271.2321370978934,4055.3451599459186,8901.872689474407,2739.8515841862827,88,16,16
minradius,16,123409,G25OR-S21,True,16,4059.585327662901,16317.9266383145,120,116,0,0,0,0,0,0,0,0,0,0,0,0,0,0,0,0,16
minradius,16,123409,G21A,True,16,4460.1760176969565,18435.880088484784,116,113,0,0,0,12,12,0,6,5,0,0,1461.3267695265977,3732.2522689930665,9232.68800089991,4009.6130490652104,92,12,16
minradius,16,123410,G25OR-S21,True,16,4625.660063183475,18708.30031591737,135,129,0,0,0,0,0,0,0,0,0,0,0,0,0,0,0,0,16
minradius,16,123410,G21A,True,16,4524.385535125164,18366.927675625808,130,121,0,0,0,10,10,0,5,4,0,0,1857.0060209320934,3725.00968584728,8670.436065731796,4114.475903114639,102,18,16
minradius,16,123411,G25OR-S21,True,16,4235.0474912335085,16855.237456167542,132,124,0,0,0,0,0,0,0,0,0,0,0,0,0,0,0,0,16
minradius,16,123411,G21A,True,16,4334.909910781621,17514.5495539081,127,117,0,0,0,11,11,0,6,6,0,0,585.9076191878075,4079.132204045452,9236.791923689434,3612.717806985404,98,18,16
minradius,16,123412,G25OR-S21,True,16,4241.503025753155,17567.51512876577,109,103,0,0,0,0,0,0,0,0,0,0,0,0,0,0,0,0,16
minradius,16,123412,G21A,True,16,4275.098744885601,17715.493724428008,110,102,0,0,0,11,10,1,6,3,0,0,1815.8426820266031,3316.528542468062,9642.530344897543,2940.592155035801,81,18,16
minradius,16,123413,G25OR-S21,True,16,4346.9123977035815,17499.56198851791,130,117,0,0,0,0,0,0,0,0,0,0,0,0,0,0,0,0,16
minradius,16,123413,G21A,True,16,4310.400682510987,17487.003412554935,124,113,0,0,0,11,10,1,5,7,0,0,1766.9187772933494,2740.9534867688726,9263.074786222582,3716.0563622701325,95,18,16
minradius,16,123414,G25OR-S21,True,16,3730.9087559264976,15184.543779632484,103,99,0,0,0,0,0,0,0,0,0,0,0,0,0,0,0,0,16
minradius,16,123414,G21A,True,16,3558.7082076918396,14408.541038459196,100,97,0,0,0,14,14,0,7,8,0,2,783.8500883414123,4406.1447228902525,4388.291867644629,4830.254359582903,76,10,16
minradius,16,123415,G25OR-S21,True,16,3668.290922617918,15106.454613089592,96,87,0,0,0,0,0,0,0,0,0,0,0,0,0,0,0,0,16
minradius,16,123415,G21A,True,16,3975.06220596783,16585.311029839137,98,88,0,0,0,10,10,0,4,4,0,0,956.505771885644,2659.5599276925445,10706.056803653366,2263.188526607581,68,20,16
minradius,16,123416,G25OR-S21,True,16,4272.109051437023,17310.545257185113,123,115,0,0,0,0,0,0,0,0,0,0,0,0,0,0,0,0,16
minradius,16,123416,G21A,True,16,4297.529842263664,17557.64921131832,119,111,0,0,0,11,11,0,6,3,0,0,2239.007329830374,3343.0083769489984,6322.267344012515,5653.3661605264315,90,18,16
minradius,16,123417,G25OR-S21,True,16,3944.0276804261102,16050.138402130548,110,104,0,0,0,0,0,0,0,0,0,0,0,0,0,0,0,0,16
minradius,16,123417,G21A,True,16,4029.190468422865,16625.95234211432,105,99,0,0,0,12,11,1,6,5,0,0,746.5798151540994,3728.9627659491525,8647.191337527234,3503.218423483835,77,16,16
minradius,16,123418,G25OR-S21,True,16,4061.164380648064,16725.821903240325,107,101,0,0,0,0,0,0,0,0,0,0,0,0,0,0,0,0,16
minradius,16,123418,G21A,True,16,3917.6470118052143,16188.235059026076,101,95,0,0,0,11,11,0,6,2,0,1,871.35414102442,3975.1128188065445,7863.470861696933,3478.297237498178,72,18,16
minradius,16,123419,G25OR-S21,True,16,4483.253443303234,18321.26721651618,124,119,0,0,0,0,0,0,0,0,0,0,0,0,0,0,0,0,16
minradius,16,123419,G21A,True,16,4301.996061846812,17389.98030923406,125,119,0,0,0,14,13,1,8,5,0,0,655.8197236016263,5350.553806058406,8104.628998423139,3278.9777811508875,96,15,16
outward,10,123420,G25OR-S21,True,10,8133.055592714339,28980.27796357169,388,347,0,0,0,0,0,0,0,0,0,0,0,0,0,0,0,0,10
outward,10,123420,G21A,True,10,8427.406863905075,30357.03431952537,393,341,0,0,0,6,4,2,4,0,0,0,14286.754225362374,3622.175839533471,12288.057600714175,160.04665391534945,343,44,10
outward,10,123421,G25OR-S21,True,10,8223.84539951112,29224.226997555605,395,354,0,0,0,0,0,0,0,0,0,0,0,0,0,0,0,0,10
outward,10,123421,G21A,True,10,8218.35684176438,29216.784208821908,394,355,0,0,0,10,7,3,8,0,0,0,10761.18027564979,7147.74978924606,10926.270330062784,381.5838138632753,349,35,10
outward,10,123422,G25OR-S21,True,10,8522.507929036063,29762.539645180317,428,380,0,0,0,0,0,0,0,0,0,0,0,0,0,0,0,0,10
outward,10,123422,G21A,True,10,8699.105609597344,30560.528047986736,432,377,0,0,0,7,5,2,5,0,0,0,13610.624984710714,4298.305080185135,12518.25084284123,133.34714024965797,378,47,10
outward,10,123423,G25OR-S21,True,10,9192.576083118656,33817.8804155933,405,354,0,0,0,0,0,0,0,0,0,0,0,0,0,0,0,0,10
outward,10,123423,G21A,True,10,9010.960014493992,33074.80007246997,399,351,0,0,0,8,3,5,7,0,0,0,12499.830372733957,5409.099692161892,14952.816556195587,213.05345137853146,347,44,10
outward,10,123424,G25OR-S21,True,10,8015.529369398298,28032.64684699149,399,364,0,0,0,0,0,0,0,0,0,0,0,0,0,0,0,0,10
outward,10,123424,G21A,True,10,8231.744821264425,29123.72410632211,399,362,0,0,0,6,6,0,5,1,0,0,13658.920093160348,4250.009971735497,10426.282501693968,788.5115397322988,364,29,10
outward,10,123425,G25OR-S21,True,10,8537.465184862438,30132.325924312205,419,366,0,0,0,0,0,0,0,0,0,0,0,0,0,0,0,0,10
outward,10,123425,G21A,True,10,8430.5097050749,29592.548525374503,420,362,0,0,0,7,3,4,6,1,0,0,13270.408582440017,4595.480149450523,11374.287304513928,352.3724889700352,362,51,10
outward,10,123426,G25OR-S21,True,10,8556.412227956454,30307.061139782283,415,370,0,0,0,0,0,0,0,0,0,0,0,0,0,0,0,0,10
outward,10,123426,G21A,True,10,8534.44174617223,30287.20873086116,412,367,0,0,0,7,6,1,5,1,0,0,13562.328737439453,4346.601327456392,12011.601040854126,366.6776251111878,367,38,10
outward,10,123427,G25OR-S21,True,10,9146.43235239545,32557.161761977244,441,380,0,0,0,0,0,0,0,0,0,0,0,0,0,0,0,0,10
outward,10,123427,G21A,True,10,9090.75660941733,32498.78304708666,434,371,0,0,0,7,2,5,5,1,0,0,13465.73282643208,4443.197238463765,13758.132391255738,831.7205909350778,373,54,10
outward,10,123428,G25OR-S21,True,10,8671.563778939144,30982.81889469573,411,370,0,0,0,0,0,0,0,0,0,0,0,0,0,0,0,0,10
outward,10,123428,G21A,True,10,8664.703602740463,30983.518013702313,410,368,0,0,0,7,6,1,6,1,0,0,12596.338954986686,5311.717822362751,12757.633641447726,317.82759490514945,367,36,10
outward,10,123429,G25OR-S21,True,10,8767.293905363471,31611.46952681736,409,350,0,0,0,0,0,0,0,0,0,0,0,0,0,0,0,0,10
outward,10,123429,G21A,True,10,8751.03710457646,31615.1855228823,406,348,0,0,0,5,4,1,5,0,0,0,13471.795479752036,4437.134585143813,13470.010108130977,236.24534985547507,349,52,10
outward,10,123430,G25OR-S21,True,10,8404.541482776707,29942.70741388356,402,356,0,0,0,0,0,0,0,0,0,0,0,0,0,0,0,0,10
outward,10,123430,G21A,True,10,8593.658959805754,30688.294799028794,410,356,0,0,0,5,3,2,4,0,0,0,14914.60543988871,2994.324625007135,12626.20056625146,153.16416788148854,358,47,10
outward,10,123431,G25OR-S21,True,10,8109.139296108619,28315.696480543113,406,366,0,0,0,0,0,0,0,0,0,0,0,0,0,0,0,0,10
outward,10,123431,G21A,True,10,8095.985013370152,28314.925066850763,404,363,0,0,0,9,6,3,5,0,0,0,13417.437148571633,4491.492916324212,10213.545335164861,192.44966679005665,361,34,10
outward,10,123432,G25OR-S21,True,10,8164.946256000601,28604.731280002983,408,354,0,0,0,0,0,0,0,0,0,0,0,0,0,0,0,0,10
outward,10,123432,G21A,True,10,8148.822090792914,28604.11045396455,405,353,0,0,0,6,5,1,4,1,0,0,14754.16022896966,3139.208526829021,10424.741377157694,286.00032100817407,355,44,10
outward,10,123433,G25OR-S21,True,10,8362.675865761159,29318.379328805793,416,369,0,0,0,0,0,0,0,0,0,0,0,0,0,0,0,0,10
outward,10,123433,G21A,True,10,8465.900343730396,29829.501718651958,417,365,0,0,0,8,4,4,4,0,0,0,14383.350990485964,3525.5790744098813,11694.256750243992,226.3149035121205,364,45,10
outward,10,123434,G25OR-S21,True,10,8306.045219194824,28920.226095974143,420,372,0,0,0,0,0,0,0,0,0,0,0,0,0,0,0,0,10
outward,10,123434,G21A,True,10,8548.494470649017,29977.47235324508,426,373,0,0,0,7,5,2,4,0,0,0,14383.34558108327,3525.584483812576,11938.891477285972,129.65081106326397,373,46,10
outward,11,123435,G25OR-S21,True,11,8919.033844332818,31485.16922166412,438,377,0,0,0,0,0,0,0,0,0,0,0,0,0,0,0,0,11
outward,11,123435,G21A,True,11,9102.750812943852,32388.75406471928,440,370,0,0,0,4,4,0,3,1,0,1,15288.082752393417,2656.262282324544,14196.26061712148,248.14841287984018,374,62,11
outward,11,123436,G25OR-S21,True,11,8943.376892675033,32161.884463375198,418,366,0,0,0,0,0,0,0,0,0,0,0,0,0,0,0,0,11
outward,11,123436,G21A,True,11,8866.070893459233,31915.354467296165,413,363,0,0,0,9,6,3,6,2,0,0,13347.965989751789,4530.712574615187,11662.082299128095,2374.593603801095,361,43,11
outward,11,123437,G25OR-S21,True,11,8794.278613159171,31531.393065795866,415,358,0,0,0,0,0,0,0,0,0,0,0,0,0,0,0,0,11
outward,11,123437,G21A,True,11,8786.391716934508,31486.958584672564,415,359,0,0,0,6,5,1,4,0,0,0,14846.803699899532,3062.126364996313,13346.782688186919,231.24583158980022,359,50,11
outward,11,123438,G25OR-S21,True,11,9170.504783074677,33142.52391537339,425,362,0,0,0,0,0,0,0,0,0,0,0,0,0,0,0,0,11
outward,11,123438,G21A,True,11,9335.56860378498,33967.843018924934,426,357,0,0,0,7,2,5,6,0,0,0,12886.190101509424,5022.739963386424,15867.488865187854,191.42408884123142,355,64,11
outward,11,123439,G25OR-S21,True,11,9260.433277881353,33487.16638940677,428,368,0,0,0,0,0,0,0,0,0,0,0,0,0,0,0,0,11
outward,11,123439,G21A,True,11,9240.586887004927,33477.93443502463,425,365,0,0,0,5,3,2,4,0,0,0,14510.151008003158,3398.7790568926866,15389.86388577272,179.14048435606674,366,54,11
outward,11,123440,G25OR-S21,True,11,8972.07475886384,32415.373794319203,414,364,0,0,0,0,0,0,0,0,0,0,0,0,0,0,0,0,11
outward,11,123440,G21A,True,11,8921.230084572142,32321.15042286071,409,357,0,0,0,7,5,2,5,1,0,1,13572.165036038468,4346.605598037468,14121.04129181469,281.3384969700819,357,45,11
outward,11,123441,G25OR-S21,True,11,8845.994583274038,31654.972916370192,418,370,0,0,0,0,0,0,0,0,0,0,0,0,0,0,0,0,11
outward,11,123441,G21A,True,11,8816.269575365226,31586.347876826134,415,369,0,0,0,8,6,2,6,1,0,0,12548.125481183588,5360.804583712257,13176.02086378988,501.3969481404092,367,40,11
outward,11,123442,G25OR-S21,True,11,9316.35360085597,33501.76800427988,438,371,0,0,0,0,0,0,0,0,0,0,0,0,0,0,0,0,11
outward,11,123442,G21A,True,11,9292.284530021267,33456.42265010635,436,366,0,0,0,6,3,3,4,0,0,0,14383.35070578056,3525.579359115285,15356.801879879105,190.69070533140257,367,63,11
outward,11,123443,G25OR-S21,True,11,8541.654861649851,30993.274308249256,388,348,0,0,0,0,0,0,0,0,0,0,0,0,0,0,0,0,11
outward,11,123443,G21A,True,11,8714.406898573976,31927.034492869887,386,344,0,0,0,9,5,4,7,2,0,0,11778.13999628534,6185.697285988346,12142.085237589788,1821.1119730064129,340,37,11
outward,11,123444,G25OR-S21,True,11,8397.066333406541,30300.331667032704,388,342,0,0,0,0,0,0,0,0,0,0,0,0,0,0,0,0,11
outward,11,123444,G21A,True,11,8154.764439208886,29433.822196044424,375,338,0,0,0,9,7,2,5,2,1,0,13852.103658718344,4056.8264061775008,10033.609689873709,1491.2824412748705,336,30,11
outward,11,123445,G25OR-S21,True,11,9049.74330425726,32728.716521286293,417,364,0,0,0,0,0,0,0,0,0,0,0,0,0,0,0,0,11
outward,11,123445,G21A,True,11,8939.12110378528,32245.605518926404,414,365,0,0,0,6,6,0,6,1,0,0,13224.25443712985,4684.675627765995,13320.817368423948,1015.858085606611,364,44,11
outward,11,123446,G25OR-S21,True,11,8769.818468220288,31194.092341101426,422,366,0,0,0,0,0,0,0,0,0,0,0,0,0,0,0,0,11
outward,11,123446,G21A,True,11,8727.729299428236,31093.646497141155,418,364,0,0,0,8,6,2,6,1,0,1,12627.868167430255,5264.213797402173,12953.377823308598,248.18670900012876,361,49,11
outward,11,123447,G25OR-S21,True,11,8702.986055850812,31359.930279254055,403,361,0,0,0,0,0,0,0,0,0,0,0,0,0,0,0,0,11
outward,11,123447,G21A,True,11,8907.956221543329,32359.78110771664,405,356,0,0,0,7,4,3,5,0,0,0,13417.442557974333,4491.487506921516,14286.186709847443,164.6643329733488,355,43,11
outward,11,123448,G25OR-S21,True,11,9214.748773914933,33173.743869574675,431,370,0,0,0,0,0,0,0,0,0,0,0,0,0,0,0,0,11
outward,11,123448,G21A,True,11,9159.862515249197,33119.312576246004,424,361,0,0,0,6,3,3,6,1,0,0,13175.961321618053,4732.9687432777955,14263.894573128153,946.4879382220024,361,57,11
outward,11,123449,G25OR-S21,True,11,8882.235542392948,31991.17771196474,415,354,0,0,0,0,0,0,0,0,0,0,0,0,0,0,0,0,11
outward,11,123449,G21A,True,11,8856.900317741953,31989.50158870977,411,349,0,0,0,7,4,3,6,0,0,0,12693.007390067642,5215.922674828207,13933.932183121968,146.63934069195238,347,57,11
outward,12,123450,G25OR-S21,True,12,8753.332715533235,31451.6635776662,409,358,0,0,0,0,0,0,0,0,0,0,0,0,0,0,0,0,12
outward,12,123450,G21A,True,12,8703.27968074449,31346.39840372246,404,354,0,0,0,9,6,3,7,2,0,1,11851.423418235387,6021.893916162862,13064.205783849011,408.87528547520196,350,45,12
outward,12,123451,G25OR-S21,True,12,8742.871065099147,31424.35532549573,407,363,0,0,0,0,0,0,0,0,0,0,0,0,0,0,0,0,12
outward,12,123451,G21A,True,12,8887.2399436603,32041.19971830149,412,359,0,0,0,7,6,1,6,1,0,0,12644.711712207192,5264.218352688653,11679.551576828217,2452.7180765774283,356,49,12
outward,12,123452,G25OR-S21,True,12,8973.781252598037,32538.90626299019,411,351,0,0,0,0,0,0,0,0,0,0,0,0,0,0,0,0,12
outward,12,123452,G21A,True,12,8946.625458863664,32498.127294318325,408,347,0,0,0,7,5,2,4,1,0,0,14624.834219780083,3284.095845115762,13450.606363270814,1138.590866151666,346,55,12
outward,12,123453,G25OR-S21,True,12,8114.173193219358,29100.86596609679,379,339,0,0,0,0,0,0,0,0,0,0,0,0,0,0,0,0,12
outward,12,123453,G21A,True,12,8204.010494629274,29450.052473146374,383,339,0,0,0,9,7,2,7,1,0,0,11799.369584328295,6085.240036324354,11161.079323521037,404.3635289726881,333,41,12
outward,12,123454,G25OR-S21,True,12,9184.434597637608,33537.172988188046,413,352,0,0,0,0,0,0,0,0,0,0,0,0,0,0,0,0,12
outward,12,123454,G21A,True,12,9191.260495426988,33566.30247713495,414,348,0,0,0,9,4,5,6,1,0,0,12596.421159044039,5312.50890585181,15198.503919287541,458.8684929515621,344,61,12
outward,12,123455,G25OR-S21,True,12,9076.357336019986,32756.786680099925,420,365,0,0,0,0,0,0,0,0,0,0,0,0,0,0,0,0,12
outward,12,123455,G21A,True,12,8778.172559227185,31395.86279613595,415,364,0,0,0,7,5,2,6,1,0,0,12886.408397973351,5022.521666922494,12617.185685537217,869.7470457028867,361,47,12
outward,12,123456,G25OR-S21,True,12,8154.875728177135,29549.37864088567,372,325,0,0,0,0,0,0,0,0,0,0,0,0,0,0,0,0,12
outward,12,123456,G21A,True,12,8170.501513498132,29497.50756749067,377,326,0,0,0,9,5,4,7,2,0,0,13147.211590093242,4782.291057326608,10934.122589643546,633.8823304272737,321,47,12
outward,12,123457,G25OR-S21,True,12,8862.691174633233,32248.45587316617,401,348,0,0,0,0,0,0,0,0,0,0,0,0,0,0,0,0,12
outward,12,123457,G21A,True,12,8771.681254888446,32098.406274442237,391,337,0,0,0,8,6,2,5,3,0,0,13465.73282643208,4443.197238463765,12195.353888541016,1994.1223210053759,337,46,12
outward,12,123458,G25OR-S21,True,12,8871.698349241633,32103.491746208165,408,351,0,0,0,0,0,0,0,0,0,0,0,0,0,0,0,0,12
outward,12,123458,G21A,True,12,8871.586236103269,32102.931180516338,408,351,0,0,0,5,4,1,3,0,0,0,15735.626838819004,2173.3032260768414,13997.299602624022,196.70151299647114,352,51,12
outward,12,123459,G25OR-S21,True,12,8921.79638000206,32083.98190001033,418,355,0,0,0,0,0,0,0,0,0,0,0,0,0,0,0,0,12
outward,12,123459,G21A,True,12,8984.338233930986,32476.691169654943,415,354,0,0,0,5,4,1,3,0,0,0,15204.372104710854,2704.5579601849913,12449.718905810336,2118.0421989487622,356,54,12
outward,12,123460,G25OR-S21,True,12,8938.220885437151,32561.10442718579,404,346,0,0,0,0,0,0,0,0,0,0,0,0,0,0,0,0,12
outward,12,123460,G21A,True,12,8450.519464409206,30447.597322046044,392,341,0,0,0,9,7,2,7,1,0,0,11925.397147196769,5983.532917699076,12096.408016398691,442.2592407515076,335,48,12
outward,12,123461,G25OR-S21,True,12,8401.719660288876,29768.598301444403,406,358,0,0,0,0,0,0,0,0,0,0,0,0,0,0,0,0,12
outward,12,123461,G21A,True,12,8391.292891166844,29771.464455834222,404,357,0,0,0,10,6,4,7,1,0,0,12499.824678625851,5409.105386269994,11535.801560126642,326.73283081173577,349,45,12
outward,12,123462,G25OR-S21,True,12,8507.834124202023,30024.170621010107,415,368,0,0,0,0,0,0,0,0,0,0,0,0,0,0,0,0,12
outward,12,123462,G21A,True,12,8655.37461109884,30726.87305549419,417,365,0,0,0,9,5,4,8,1,0,0,12308.326066772323,5634.251825239959,12436.095425923784,348.199737558125,358,50,12
outward,12,123463,G25OR-S21,True,12,9064.899990187043,33584.49995093521,390,338,0,0,0,0,0,0,0,0,0,0,0,0,0,0,0,0,12
outward,12,123463,G21A,True,12,9181.734719943106,34193.67359971553,390,333,0,0,0,8,4,4,6,1,0,0,12597.177707635425,5326.991517142094,15905.386237465656,364.118137472351,329,53,12
outward,12,123464,G25OR-S21,True,12,9371.513693538553,33712.5684676928,439,374,0,0,0,0,0,0,0,0,0,0,0,0,0,0,0,0,12
outward,12,123464,G21A,True,12,9333.526274814874,33667.63137407438,434,370,0,0,0,8,5,3,6,1,0,0,12693.007105362232,5215.922959533613,14340.57434970187,1418.1269594766636,366,60,12
outward,13,123465,G25OR-S21,True,13,8687.01720930462,31435.086046523124,396,355,0,0,0,0,0,0,0,0,0,0,0,0,0,0,0,0,13
outward,13,123465,G21A,True,13,8861.059986629096,32265.299933145485,398,353,0,0,0,9,8,1,6,1,0,0,12548.1149470836,5360.815117812244,12645.923365310708,1710.446502938932,347,42,13
outward,13,123466,G25OR-S21,True,13,8842.65238744972,32328.26193724859,393,347,0,0,0,0,0,0,0,0,0,0,0,0,0,0,0,0,13
outward,13,123466,G21A,True,13,8808.852712282822,32249.263561414096,390,344,0,0,0,9,8,1,7,1,0,0,11778.367756574396,6160.350460981943,13916.998269888903,393.5470739688535,337,44,13
outward,13,123467,G25OR-S21,True,13,9028.071073673367,33050.355368366836,400,353,0,0,0,0,0,0,0,0,0,0,0,0,0,0,0,0,13
outward,13,123467,G21A,True,13,8883.448762264446,32382.243811322238,398,352,0,0,0,9,7,2,7,0,0,0,11775.399760113742,6133.5303047821035,14256.818600157698,216.49514626869495,344,45,13
outward,13,123468,G25OR-S21,True,13,8686.919943576608,30969.59971788302,413,363,0,0,0,0,0,0,0,0,0,0,0,0,0,0,0,0,13
outward,13,123468,G21A,True,13,8676.09493354993,30970.474667749644,411,362,0,0,0,10,7,3,7,1,0,0,11968.572222160945,5940.357842734904,12701.960316425073,359.5842864287224,354,47,13
outward,13,123469,G25OR-S21,True,13,8977.834679617386,32769.17339808691,401,354,0,0,0,0,0,0,0,0,0,0,0,0,0,0,0,0,13
outward,13,123469,G21A,True,13,9238.372096233395,33991.86048116697,405,350,0,0,0,9,7,2,9,0,0,0,10036.749663029575,7872.180401866273,15863.426073871731,219.50434239939204,341,55,13
outward,13,123470,G25OR-S21,True,13,8989.789158544654,32218.945792723287,424,361,0,0,0,0,0,0,0,0,0,0,0,0,0,0,0,0,13
outward,13,123470,G21A,True,13,8812.247604590793,31556.238022953956,416,356,0,0,0,12,7,5,7,0,0,0,11775.389510719162,6133.540554176687,13413.280532513254,234.02742554485303,345,59,13
outward,13,123471,G25OR-S21,True,13,8580.444838444615,30712.224192223093,405,348,0,0,0,0,0,0,0,0,0,0,0,0,0,0,0,0,13
outward,13,123471,G21A,True,13,8546.581375125752,30682.90687562876,400,345,0,0,0,10,8,2,7,1,0,0,11823.684334463389,6085.245730432456,11499.26063416481,1274.7161765681049,337,53,13
outward,13,123472,G25OR-S21,True,13,9003.126056946208,32430.63028473108,418,362,0,0,0,0,0,0,0,0,0,0,0,0,0,0,0,0,13
outward,13,123472,G21A,True,13,8995.790812947433,32428.954064737176,417,360,0,0,0,10,7,3,8,0,0,0,10857.77163137068,7051.158433525165,14318.113696281493,201.9103035598382,351,56,13
outward,13,123473,G25OR-S21,True,13,9072.28159552071,32876.40797760355,415,357,0,0,0,0,0,0,0,0,0,0,0,0,0,0,0,0,13
outward,13,123473,G21A,True,13,9036.42654207431,32827.13271037154,411,351,0,0,0,10,7,3,8,0,0,0,10906.072718633824,7002.857346262021,14738.002466296155,180.20017917953737,342,59,13
outward,13,123474,G25OR-S21,True,13,8588.453857688082,30562.269288440362,410,361,0,0,0,0,0,0,0,0,0,0,0,0,0,0,0,0,13
outward,13,123474,G21A,True,13,8559.222550053715,30576.112750268556,405,354,0,0,0,10,7,3,6,1,0,0,12723.623372255577,5185.306692640268,12272.545037051343,394.63764832136803,347,48,13
outward,13,123475,G25OR-S21,True,13,9233.34545869329,34021.72729346649,405,339,0,0,0,0,0,0,0,0,0,0,0,0,0,0,0,0,13
outward,13,123475,G21A,True,13,9406.75581608943,34918.77908044719,405,333,0,0,0,8,4,4,6,0,0,0,12596.421159044035,5312.50890585181,16785.65445486187,224.1945606894733,328,69,13
outward,13,123476,G25OR-S21,True,13,9033.197873680207,33240.98936840101,394,350,0,0,0,0,0,0,0,0,0,0,0,0,0,0,0,0,13
outward,13,123476,G21A,True,13,8832.248039433915,32506.240197169558,385,341,0,0,0,11,8,3,7,2,0,0,12016.87302471868,5892.057040177166,13963.112555309068,634.1975769646451,334,40,13
outward,13,123477,G25OR-S21,True,13,9093.12741005165,33355.63705025824,403,342,0,0,0,0,0,0,0,0,0,0,0,0,0,0,0,0,13
outward,13,123477,G21A,True,13,9075.413713341046,33352.068566705224,400,340,0,0,0,10,6,4,7,1,0,0,11730.121180687647,6209.031115524651,14968.190711659638,444.72555883328823,333,57,13
outward,13,123478,G25OR-S21,True,13,9331.635877370101,33703.17938685051,429,381,0,0,0,0,0,0,0,0,0,0,0,0,0,0,0,0,13
outward,13,123478,G21A,True,13,9316.910344587292,33694.55172293647,427,378,0,0,0,7,6,1,5,1,0,0,13900.401614222032,4008.5284506738135,14185.74570162117,1599.8759564194552,375,45,13
outward,13,123479,G25OR-S21,True,13,8846.848696177542,32299.243480887708,395,347,0,0,0,0,0,0,0,0,0,0,0,0,0,0,0,0,13
outward,13,123479,G21A,True,13,8987.177985224767,32970.889926123855,398,338,0,0,0,10,7,3,5,1,0,0,13465.738235834777,4443.191829061068,14809.801483107902,252.15837812010795,333,55,13
outward,14,123480,G25OR-S21,True,14,8705.092221507251,31130.461107536274,409,364,0,0,0,0,0,0,0,0,0,0,0,0,0,0,0,0,14
outward,14,123480,G21A,True,14,8604.292660420051,30936.463302100266,398,357,0,0,0,12,9,3,10,3,0,0,9746.978442920947,8161.951621974898,10090.70782779311,2936.825409411311,345,41,14
outward,14,123481,G25OR-S21,True,14,8801.035318179924,32100.176590899606,392,351,0,0,0,0,0,0,0,0,0,0,0,0,0,0,0,0,14
outward,14,123481,G21A,True,14,8778.696841134943,32103.484205674726,388,348,0,0,0,10,9,1,8,2,0,0,10809.486202904814,7099.443861991031,12937.530810537188,1257.0233302416927,340,38,14
outward,14,123482,G25OR-S21,True,14,9087.55183443659,33272.75917218296,403,348,0,0,0,0,0,0,0,0,0,0,0,0,0,0,0,0,14
outward,14,123482,G21A,True,14,9050.34527081296,33281.72635406481,397,339,0,0,0,9,7,2,4,1,0,0,14383.356115183256,3525.5739497125887,14968.478119734445,404.31816943452213,333,55,14
outward,14,123483,G25OR-S21,True,14,8760.530095322953,32302.650476614755,380,330,0,0,0,0,0,0,0,0,0,0,0,0,0,0,0,0,14
outward,14,123483,G21A,True,14,8908.570168752374,33107.85084376186,378,327,0,0,0,9,7,2,6,1,0,0,13114.319951605145,4826.791402476545,14780.769377555713,385.97011212445614,320,49,14
outward,14,123484,G25OR-S21,True,14,8679.484485545132,31567.42242772566,392,336,0,0,0,0,0,0,0,0,0,0,0,0,0,0,0,0,14
outward,14,123484,G21A,True,14,8567.171705924473,31125.858529622375,387,337,0,0,0,10,8,2,6,1,0,0,13417.929008797035,4500.935060444488,12832.067187116856,374.92727326399654,330,47,14
outward,14,123485,G25OR-S21,True,14,9101.025651589687,32815.128257948425,422,358,0,0,0,0,0,0,0,0,0,0,0,0,0,0,0,0,14
outward,14,123485,G21A,True,14,9074.6971350982,32763.485675490978,419,357,0,0,0,8,5,3,6,2,0,0,12596.416034346745,5312.5140305491,12363.48777286875,2491.067837726383,352,59,14
outward,14,123486,G25OR-S21,True,14,8310.17322937902,29930.86614689511,386,324,0,0,0,0,0,0,0,0,0,0,0,0,0,0,0,0,14
outward,14,123486,G21A,True,14,8259.795588051815,29873.977940259076,379,320,0,0,0,10,9,1,6,2,0,0,13034.326423228269,4926.154017068227,11085.333503667152,828.1639962954268,313,56,14
outward,14,123487,G25OR-S21,True,14,8451.034696760084,30905.173483800434,376,320,0,0,0,0,0,0,0,0,0,0,0,0,0,0,0,0,14
outward,14,123487,G21A,True,14,8449.197681359288,30925.988406796452,375,319,0,0,0,9,8,1,8,0,0,0,10809.481078207527,7099.448986688321,12759.79014448011,257.2681974204934,309,57,14
outward,14,123488,G25OR-S21,True,14,9035.704698268413,32913.52349134209,406,353,0,0,0,0,0,0,0,0,0,0,0,0,0,0,0,0,14
outward,14,123488,G21A,True,14,9042.525673483009,32982.628367415076,405,351,0,0,0,10,7,3,8,0,0,0,10809.481078207524,7099.448986688321,14827.244265728405,246.45403679082665,341,54,14
outward,14,123489,G25OR-S21,True,14,9319.777092673014,34133.885463365084,414,353,0,0,0,0,0,0,0,0,0,0,0,0,0,0,0,0,14
outward,14,123489,G21A,True,14,9237.999301944847,33729.99650972423,415,347,0,0,0,7,2,5,5,0,0,0,13948.692167385188,3960.2378975106567,15539.871793155351,281.19465167303497,342,66,14
outward,14,123490,G25OR-S21,True,14,9484.391942219023,34716.95971109512,423,356,0,0,0,0,0,0,0,0,0,0,0,0,0,0,0,0,14
outward,14,123490,G21A,True,14,9790.7545561505,36168.77278075251,427,352,0,0,0,10,5,5,7,0,0,0,11630.507601835108,6278.422463060737,18039.49838409314,220.34433176352104,342,75,14
outward,14,123491,G25OR-S21,True,14,8667.230043048949,31246.15021524476,400,348,0,0,0,0,0,0,0,0,0,0,0,0,0,0,0,0,14
outward,14,123491,G21A,True,14,8846.158076814423,32265.790384072126,396,343,0,0,0,10,7,3,8,3,0,0,11719.673916086445,6237.8305427729065,13220.83206315865,1087.4538620541243,335,51,14
outward,14,123492,G25OR-S21,True,14,9373.212507411625,34536.06253705813,408,356,0,0,0,0,0,0,0,0,0,0,0,0,0,0,0,0,14
outward,14,123492,G21A,True,14,9721.359046919177,36021.79523459592,419,352,0,0,0,9,4,5,7,0,0,0,12354.947894439094,5553.982170456751,17870.998832469937,241.86633723013802,343,67,14
outward,14,123493,G25OR-S21,True,14,8724.624769100614,31483.12384550306,401,353,0,0,0,0,0,0,0,0,0,0,0,0,0,0,0,0,14
outward,14,123493,G21A,True,14,8700.746778715444,31563.73389357721,394,348,0,0,0,12,10,2,8,1,0,0,11253.774965908788,6713.0898273236635,13182.739243552904,414.12985679185476,336,46,14
outward,14,123494,G25OR-S21,True,14,8888.144302849701,32545.721514248515,394,339,0,0,0,0,0,0,0,0,0,0,0,0,0,0,0,0,14
outward,14,123494,G21A,True,14,8887.528674111938,32642.6433705597,391,334,0,0,0,10,6,4,8,1,0,0,11195.07393372414,6706.181704475046,14311.35513651153,430.0325958489848,325,56,14
outward,15,123495,G25OR-S21,True,15,8082.887396800894,28719.43698400448,384,344,0,0,0,0,0,0,0,0,0,0,0,0,0,0,0,0,15
outward,15,123495,G21A,True,15,8057.35898571733,28711.79492858666,380,340,0,0,0,13,11,2,8,0,0,0,10712.890007192036,7196.040057703809,10517.477804134447,285.3870595563676,326,41,15
outward,15,123496,G25OR-S21,True,15,9682.179060513288,35590.895302566445,429,344,0,0,0,0,0,0,0,0,0,0,0,0,0,0,0,0,15
outward,15,123496,G21A,True,15,9627.660463849566,35538.30231924783,422,335,0,0,0,6,5,1,4,1,0,0,14286.77016886506,3622.1598960307856,16679.0640519218,950.3082024301839,334,82,15
outward,15,123497,G25OR-S21,True,15,10338.879174473115,38049.39587236556,458,364,0,0,0,0,0,0,0,0,0,0,0,0,0,0,0,0,15
outward,15,123497,G21A,True,15,10290.234124926248,37996.17062463123,452,356,0,0,0,7,3,4,5,1,0,0,13417.437433277042,4491.492631618807,18605.27479929327,1481.9657604421118,351,94,15
outward,15,123498,G25OR-S21,True,15,8955.228383632379,32936.1419181619,392,333,0,0,0,0,0,0,0,0,0,0,0,0,0,0,0,0,15
outward,15,123498,G21A,True,15,9297.213621653527,34631.06810826765,393,331,0,0,0,9,7,2,7,1,0,0,11727.104082253294,6181.825982642551,16393.688084929836,328.44995844197183,321,63,15
outward,15,123499,G25OR-S21,True,15,8942.664437157848,32978.32218578925,387,337,0,0,0,0,0,0,0,0,0,0,0,0,0,0,0,0,15
outward,15,123499,G21A,True,15,8985.740710186763,33213.70355093382,387,333,0,0,0,8,7,1,5,0,0,0,13465.73823583478,4443.191829061068,15040.350862587093,264.4226234508751,326,53,15
outward,15,123500,G25OR-S21,True,15,9137.273105609262,33841.36552804631,393,329,0,0,0,0,0,0,0,0,0,0,0,0,0,0,0,0,15
outward,15,123500,G21A,True,15,9178.074425639197,34310.372128196,384,321,0,0,0,9,7,2,7,2,0,0,11727.104082253294,6181.825982642551,15918.946325136156,482.4957381640015,314,61,15
outward,15,123501,G25OR-S21,True,15,9448.756474877728,35203.78237438862,401,328,0,0,0,0,0,0,0,0,0,0,0,0,0,0,0,0,15
outward,15,123501,G21A,True,15,9280.851061964797,34629.25530982397,392,320,0,0,0,9,5,4,6,2,0,1,12575.798803115107,5360.809423704142,16227.351337561347,465.2957454433763,314,69,15
outward,15,123502,G25OR-S21,True,15,8671.729926945047,31448.649634725225,393,342,0,0,0,0,0,0,0,0,0,0,0,0,0,0,0,0,15
outward,15,123502,G21A,True,15,8928.476686858523,32617.383434292602,398,340,0,0,0,12,8,4,8,1,0,0,10935.835169174863,6915.857401237894,14361.67762872183,404.01323515801414,327,59,15
outward,15,123503,G25OR-S21,True,15,8849.544383790115,32042.72191895059,402,356,0,0,0,0,0,0,0,0,0,0,0,0,0,0,0,0,15
outward,15,123503,G21A,True,15,8838.038559648827,32165.19279824413,396,350,0,0,0,12,11,1,6,1,0,0,12585.386099085232,5360.809708409546,13819.40021348191,399.59677726744303,339,45,15
outward,15,123504,G25OR-S21,True,15,8480.174298856995,31200.87149428499,368,325,0,0,0,0,0,0,0,0,0,0,0,0,0,0,0,0,15
outward,15,123504,G21A,True,15,8380.64522443012,30798.226122150598,364,326,0,0,0,13,12,1,8,3,0,0,10954.367257672648,6954.5628072231975,11667.527134542099,1221.7689227126539,313,38,15
outward,15,123505,G25OR-S21,True,15,9355.90802545222,34459.5401272611,408,349,0,0,0,0,0,0,0,0,0,0,0,0,0,0,0,0,15
outward,15,123505,G21A,True,15,9718.373383070542,36221.86691535271,412,339,0,0,0,7,5,2,5,0,0,0,13514.028504292526,4394.901560603319,18022.548596276796,290.3882541800667,333,72,15
outward,15,123506,G25OR-S21,True,15,9043.59888110545,33612.994405527264,385,321,0,0,0,0,0,0,0,0,0,0,0,0,0,0,0,0,15
outward,15,123506,G21A,True,15,8999.906079614295,33544.530398071474,380,316,0,0,0,12,8,4,8,2,0,0,10810.100504695354,7105.02382507879,13735.53456439554,1893.8715039017898,305,63,15
outward,15,123507,G25OR-S21,True,15,8981.593372469742,33042.96686234872,392,338,0,0,0,0,0,0,0,0,0,0,0,0,0,0,0,0,15
outward,15,123507,G21A,True,15,8952.499272034345,33022.496360171725,388,333,0,0,0,11,8,3,8,1,0,0,10857.781880765262,7051.148184130583,14055.218125094565,1058.3481701813143,322,55,15
outward,15,123508,G25OR-S21,True,15,9202.051999508145,33655.25999754074,409,351,0,0,0,0,0,0,0,0,0,0,0,0,0,0,0,0,15
outward,15,123508,G21A,True,15,9214.03514378689,33725.17571893445,409,349,0,0,0,11,8,3,7,0,0,0,12403.233038199554,5505.697026696291,15539.220349001964,277.02530503664093,338,60,15
outward,15,123509,G25OR-S21,True,15,8579.114347248928,31110.571736244645,390,332,0,0,0,0,0,0,0,0,0,0,0,0,0,0,0,0,15
outward,15,123509,G21A,True,15,9341.931293155387,34974.65646577695,389,327,0,0,0,7,7,0,5,0,0,0,13465.73282643208,4443.197238463765,16798.03676924456,267.6896316365419,322,60,15
outward,16,123510,G25OR-S21,True,16,9494.814279884738,35144.07139942372,409,341,0,0,0,0,0,0,0,0,0,0,0,0,0,0,0,0,16
outward,16,123510,G21A,True,16,9790.845705297586,36399.22852648799,418,341,0,0,0,11,5,6,10,0,0,0,12016.873309424085,5892.05675547176,18272.7805166037,217.51794498844538,328,79,16
outward,16,123511,G25OR-S21,True,16,9566.959865140725,35499.79932570362,409,342,0,0,0,0,0,0,0,0,0,0,0,0,0,0,0,0,16
outward,16,123511,G21A,True,16,9554.762166345145,35498.8108317257,407,340,0,0,0,10,7,3,6,1,0,0,11820.239061323871,5164.844775372409,18097.949723287522,415.7772717418975,330,67,16
outward,16,123512,G25OR-S21,True,16,9108.789569410905,33643.94784705453,395,325,0,0,0,0,0,0,0,0,0,0,0,0,0,0,0,0,16
outward,16,123512,G21A,True,16,9368.849544115523,34849.24772057762,400,319,0,0,0,6,4,2,4,0,0,0,13842.156790213672,3100.8597174732477,17590.545821525062,315.6853913656414,312,82,16
outward,16,123513,G25OR-S21,True,16,8897.50866243099,32697.543312154943,390,328,0,0,0,0,0,0,0,0,0,0,0,0,0,0,0,0,16
outward,16,123513,G21A,True,16,8916.819967031011,32839.099835155066,390,319,0,0,0,8,5,3,7,0,0,0,10519.712420447544,5457.3962241385525,16564.433993210976,297.5571973579936,310,72,16
outward,16,123514,G25OR-S21,True,16,8368.229469530861,30801.147347654285,364,308,0,0,0,0,0,0,0,0,0,0,0,0,0,0,0,0,16
outward,16,123514,G21A,True,16,8588.701896691276,31758.50948345638,370,307,0,0,0,11,8,3,6,3,0,0,10712.890007192038,5264.2186373940585,13583.63490931375,2197.765929556532,297,62,16
outward,16,123515,G25OR-S21,True,16,9344.807584849103,34949.0379242455,391,320,0,0,0,0,0,0,0,0,0,0,0,0,0,0,0,0,16
outward,16,123515,G21A,True,16,9950.682612627892,37548.41306313943,409,316,0,0,0,5,3,2,5,2,0,0,13182.814722749334,3760.2017849375898,19235.407876804587,1369.9886786479183,311,93,16
outward,16,123516,G25OR-S21,True,16,9027.501827075303,33597.50913537652,379,333,0,0,0,0,0,0,0,0,0,0,0,0,0,0,0,0,16
outward,16,123516,G21A,True,16,8999.84917839178,33534.245891958875,377,328,0,0,0,10,10,0,8,2,0,0,9841.526214789723,7060.6584746115,15405.393788542384,1226.6674140152682,320,47,16
outward,16,123517,G25OR-S21,True,16,8914.420880934573,32997.10440467284,384,315,0,0,0,0,0,0,0,0,0,0,0,0,0,0,0,0,16
outward,16,123517,G21A,True,16,8903.149919711153,32930.74959855575,385,312,0,0,0,9,6,3,6,0,0,0,11678.803279695558,5264.213227991362,15693.618872864758,294.1142180040697,301,75,16
outward,16,123518,G25OR-S21,True,16,9467.398920108446,35606.99460054225,390,316,0,0,0,0,0,0,0,0,0,0,0,0,0,0,0,0,16
outward,16,123518,G21A,True,16,9431.738970968583,35613.694854842935,384,309,0,0,0,8,6,2,7,1,0,0,11050.958898098945,5892.057609587975,18263.84568675601,406.8326604000067,299,77,16
outward,16,123519,G25OR-S21,True,16,9870.711954774602,36928.559773873014,415,330,0,0,0,0,0,0,0,0,0,0,0,0,0,0,0,0,16
outward,16,123519,G21A,True,16,9852.699331357928,36928.496656789655,412,327,0,0,0,7,2,5,6,0,0,0,11862.663556731393,5080.3529509555265,19698.72870222831,286.7514468744266,318,87,16
outward,16,123520,G25OR-S21,True,16,9231.48159788415,33902.40798942074,406,341,0,0,0,0,0,0,0,0,0,0,0,0,0,0,0,0,16
outward,16,123520,G21A,True,16,9434.49382367752,34892.4691183876,408,336,0,0,0,11,8,3,8,1,0,0,11727.093832858713,6181.8362320371325,15625.727667098978,1357.8113863927756,324,73,16
outward,16,123521,G25OR-S21,True,16,10025.272394469843,37481.36197234922,422,339,0,0,0,0,0,0,0,0,0,0,0,0,0,0,0,0,16
outward,16,123521,G21A,True,16,9605.884298308794,35669.42149154397,411,337,0,0,0,6,5,1,4,1,0,0,13417.447682671622,3525.568825015298,17881.047490371846,845.3574934852077,332,73,16
outward,16,123522,G25OR-S21,True,16,8932.281625413383,32866.40812706692,389,334,0,0,0,0,0,0,0,0,0,0,0,0,0,0,0,0,16
outward,16,123522,G21A,True,16,9375.792657321716,34858.963286608574,398,334,0,0,0,8,7,1,5,1,0,0,12450.853022059959,4478.535723464069,17472.054985869298,457.51955521524906,326,64,16
outward,16,123523,G25OR-S21,True,16,8826.381107205772,32406.905536028862,386,335,0,0,0,0,0,0,0,0,0,0,0,0,0,0,0,0,16
outward,16,123523,G21A,True,16,8809.639452561043,32413.197262805184,383,332,0,0,0,13,11,2,7,0,0,0,11678.792745595569,6230.137319300276,14266.40425803358,237.86293987575846,316,54,16
outward,16,123524,G25OR-S21,True,16,9335.927148853756,34639.63574426876,400,328,0,0,0,0,0,0,0,0,0,0,0,0,0,0,0,0,16
outward,16,123524,G21A,True,16,9157.647860738232,33973.23930369113,392,323,0,0,0,11,8,3,6,2,0,2,12104.730316002526,4877.8537839213,16711.96870490569,278.6864988616171,312,69,16
mixed,10,123525,G25OR-S21,True,10,7203.438228067082,26482.19114033541,312,297,0,0,0,0,0,0,0,0,0,0,0,0,0,0,0,0,10
mixed,10,123525,G21A,True,10,7699.48493497831,29242.42467489154,305,276,0,0,0,9,6,3,8,0,0,0,12485.279823903693,5423.65024099215,11115.21502810633,218.27958188936464,270,26,10
mixed,10,123526,G25OR-S21,True,10,7832.874330422167,29199.371652110844,327,308,0,0,0,0,0,0,0,0,0,0,0,0,0,0,0,0,10
mixed,10,123526,G21A,True,10,7792.113151926723,29115.565759633624,324,299,0,0,0,9,7,2,8,1,0,0,11796.436011936632,6112.494052959214,10490.559291094003,716.0764036437758,294,21,10
mixed,10,123527,G25OR-S21,True,10,7156.933854888453,26779.66927444227,294,281,0,0,0,0,0,0,0,0,0,0,0,0,0,0,0,0,10
mixed,10,123527,G21A,True,10,7745.052519109236,30000.262595546174,286,265,0,0,0,9,9,0,7,1,0,0,12884.66873744534,5024.261327450508,10540.64075183497,1550.691778815355,261,16,10
mixed,10,123528,G25OR-S21,True,10,6429.0940585961,24260.470292980503,256,247,0,0,0,0,0,0,0,0,0,0,0,0,0,0,0,0,10
mixed,10,123528,G21A,True,10,6539.594995639421,25077.9749781971,248,234,0,0,0,10,10,0,7,5,0,0,13096.11710197711,4270.580055874045,4157.731356334567,3553.5464640113782,233,5,10
mixed,10,123529,G25OR-S21,True,10,6803.338587854158,25576.692939270793,274,268,0,0,0,0,0,0,0,0,0,0,0,0,0,0,0,0,10
mixed,10,123529,G21A,True,10,7043.359841505728,26951.799207528653,271,248,0,0,0,10,8,2,6,0,0,0,13238.197915780876,4670.732149114969,8812.034240805227,230.83490182758032,243,18,10
mixed,10,123530,G25OR-S21,True,10,6516.266360835532,23346.33180417766,301,292,0,0,0,0,0,0,0,0,0,0,0,0,0,0,0,0,10
mixed,10,123530,G21A,True,10,6837.306357937174,25106.53178968587,297,281,0,0,0,10,10,0,5,1,0,0,14999.926692722194,2909.003372173655,5763.741131812545,1433.8605929774749,279,8,10
mixed,10,123531,G25OR-S21,True,10,6978.644477061854,26108.222385309273,287,272,0,0,0,0,0,0,0,0,0,0,0,0,0,0,0,0,10
mixed,10,123531,G21A,True,10,7307.303541058243,27756.517705291204,289,261,0,0,0,8,7,1,5,2,0,0,14039.591335877361,3869.3387290184864,9060.92396863694,786.6636717584151,260,21,10
mixed,10,123532,G25OR-S21,True,10,6769.603136207567,25038.015681037843,287,277,0,0,0,0,0,0,0,0,0,0,0,0,0,0,0,0,10
mixed,10,123532,G21A,True,10,7050.418114600679,26572.09057300339,285,261,0,0,0,10,8,2,7,2,0,0,12942.192077984593,4493.410823393853,6877.622937459742,2258.8647341651995,258,17,10
mixed,10,123533,G25OR-S21,True,10,6929.2387461178705,25801.19373058934,288,279,0,0,0,0,0,0,0,0,0,0,0,0,0,0,0,0,10
mixed,10,123533,G21A,True,10,7151.685311806905,27128.426559034528,283,261,0,0,0,10,7,3,8,2,0,0,13407.352838775882,4501.577226119964,6813.821383075727,2405.6751110629557,256,17,10
mixed,10,123534,G25OR-S21,True,10,6860.267888223829,25511.339441119155,287,273,0,0,0,0,0,0,0,0,0,0,0,0,0,0,0,0,10
mixed,10,123534,G21A,True,10,6817.137145381872,25650.685726909363,277,252,0,0,0,9,8,1,5,0,0,0,14368.660533136466,3540.269531759378,7505.048417011392,236.707245002126,249,19,10
mixed,10,123535,G25OR-S21,True,10,6932.821080274767,26469.105401373836,266,259,0,0,0,0,0,0,0,0,0,0,0,0,0,0,0,0,10
mixed,10,123535,G21A,True,10,6893.567921189985,26707.83960594992,253,237,0,0,0,10,10,0,7,3,0,0,12537.62078165345,5371.309283242395,6352.455644577411,2446.4538964766652,234,9,10
mixed,10,123536,G25OR-S21,True,10,7056.022040318559,26795.110201592797,277,262,0,0,0,0,0,0,0,0,0,0,0,0,0,0,0,0,10
mixed,10,123536,G21A,True,10,7279.01087561931,27880.054378096556,280,250,1,0,0,10,6,4,7,2,0,0,13331.859269413699,4547.439642472056,8450.704439915276,1550.051026295525,246,24,11
mixed,10,123537,G25OR-S21,True,10,7160.977051343583,26124.88525671792,316,306,0,0,0,0,0,0,0,0,0,0,0,0,0,0,0,0,10
mixed,10,123537,G21A,True,10,7233.293477827132,26836.46738913568,306,286,0,0,0,9,9,0,8,0,0,0,12060.583457373397,5848.346607522453,8671.699664992273,255.8376592475579,280,17,10
mixed,10,123538,G25OR-S21,True,10,6551.281304691167,24126.406523455837,281,271,0,0,0,0,0,0,0,0,0,0,0,0,0,0,0,0,10
mixed,10,123538,G21A,True,10,6867.313865175718,25511.569325878576,291,260,0,0,0,9,6,3,6,2,0,0,12949.359876736944,4342.6603356290525,6304.752985267987,1914.7961282445922,258,24,10
mixed,10,123539,G25OR-S21,True,10,6885.865145511821,25714.325727559102,284,273,0,0,0,0,0,0,0,0,0,0,0,0,0,0,0,0,10
mixed,10,123539,G21A,True,10,7190.4293531415615,27372.146765707806,283,251,0,0,0,9,5,4,6,3,0,0,14379.452974658481,3050.431496574167,7816.928207284829,2125.33408719033,250,24,10
mixed,11,123540,G25OR-S21,True,11,6575.682788152674,24663.41394076337,266,258,0,0,0,0,0,0,0,0,0,0,0,0,0,0,0,0,11
mixed,11,123540,G21A,True,11,7424.211008395253,28936.05504197628,268,242,0,0,0,11,8,3,9,4,0,0,11419.282318561493,6168.590212238768,8162.639796405332,3185.5427147706864,236,21,11
mixed,11,123541,G25OR-S21,True,11,7511.859508449689,28844.29754224845,284,268,0,0,0,0,0,0,0,0,0,0,0,0,0,0,0,0,11
mixed,11,123541,G21A,True,11,7531.0676208782215,29225.33810439111,276,251,0,0,0,10,9,1,7,1,0,0,12838.192125220485,5070.737939675362,10257.574691983868,1058.8333475113977,246,20,11
mixed,11,123542,G25OR-S21,True,11,6650.426026830566,25162.130134152823,262,253,0,0,0,0,0,0,0,0,0,0,0,0,0,0,0,0,11
mixed,11,123542,G21A,True,11,6710.926870477401,25899.634352387005,249,231,0,0,0,11,10,1,7,3,0,0,12998.639077772801,4910.290987123045,4890.742356880361,3099.9619306107998,226,12,11
mixed,11,123543,G25OR-S21,True,11,6333.2201068862505,24031.10053443125,247,237,0,0,0,0,0,0,0,0,0,0,0,0,0,0,0,0,11
mixed,11,123543,G21A,True,11,7009.356518402612,27461.782592013064,248,222,0,0,0,11,9,2,7,0,0,0,13076.11658324355,4832.813481652295,9317.345065651272,235.5074614659461,215,22,11
mixed,11,123544,G25OR-S21,True,11,7391.460411879348,28437.30205939674,277,264,0,0,0,0,0,0,0,0,0,0,0,0,0,0,0,0,11
mixed,11,123544,G21A,True,11,7280.587941557872,28222.939707789363,267,246,0,0,0,10,9,1,8,4,0,0,11650.294561681854,5275.717199902331,7613.100582784406,3683.8273634207726,243,14,11
mixed,11,123545,G25OR-S21,True,11,7301.512453452338,27217.562267261703,303,288,0,0,0,0,0,0,0,0,0,0,0,0,0,0,0,0,11
mixed,11,123545,G21A,True,11,7383.056150991789,27955.28075495895,294,267,0,0,0,11,9,2,8,3,0,0,10791.296599914423,6601.181125727386,7455.757284884843,3107.0457444322974,263,20,11
mixed,11,123546,G25OR-S21,True,11,6991.04737264735,26615.236863236758,271,258,0,0,0,0,0,0,0,0,0,0,0,0,0,0,0,0,11
mixed,11,123546,G21A,True,11,7270.056978883268,28025.28489441634,271,255,0,0,0,11,11,0,8,4,0,0,12637.15898334036,5271.771081555486,6945.1291804630455,3171.225649057451,250,10,11
mixed,11,123547,G25OR-S21,True,11,6834.890754736457,25959.453773682264,266,258,0,0,0,0,0,0,0,0,0,0,0,0,0,0,0,0,11
mixed,11,123547,G21A,True,11,7268.669091858577,28318.345459292883,263,235,0,0,0,11,8,3,6,1,0,0,13979.010158982292,3929.919905913554,8228.19602235157,2181.219372045467,229,23,11
mixed,11,123548,G25OR-S21,True,11,7061.603820410001,26513.01910205,285,279,0,0,0,0,0,0,0,0,0,0,0,0,0,0,0,0,11
mixed,11,123548,G21A,True,11,7199.03972528813,27570.198626440666,275,255,0,0,0,11,9,2,8,1,0,0,12238.161411402418,5167.55959890487,8392.743824860845,1771.7337912725336,247,17,11
mixed,11,123549,G25OR-S21,True,11,7331.576676758416,27497.883383792076,300,277,0,0,0,0,0,0,0,0,0,0,0,0,0,0,0,0,11
mixed,11,123549,G21A,True,11,7270.767892331399,27528.83946165699,290,260,0,0,0,10,8,2,6,4,0,0,13565.581735250234,3801.9614347557076,7951.555658438127,2209.7406332129203,258,22,11
mixed,11,123550,G25OR-S21,True,11,7139.818870566718,26194.094352833592,309,301,0,0,0,0,0,0,0,0,0,0,0,0,0,0,0,0,11
mixed,11,123550,G21A,True,11,7043.449080564558,26132.2454028228,296,282,0,0,0,11,11,0,8,3,0,0,11343.343391763663,6565.586673132184,4825.343483162171,3397.971854764779,276,9,11
mixed,11,123551,G25OR-S21,True,11,6796.307504325004,25266.537521625018,283,273,0,0,0,0,0,0,0,0,0,0,0,0,0,0,0,0,11
mixed,11,123551,G21A,True,11,7217.650719893519,27488.253599467604,281,260,0,0,0,11,8,3,9,2,0,0,12264.274352156413,5276.400441054641,9109.947891777007,837.6309144795423,253,17,11
mixed,11,123552,G25OR-S21,True,11,6769.025993032358,25375.129965161796,274,269,0,0,0,0,0,0,0,0,0,0,0,0,0,0,0,0,11
mixed,11,123552,G21A,True,11,7012.554070061181,26662.77035030591,274,255,0,0,0,11,10,1,9,0,0,0,11483.731942251563,6425.198122644287,8536.766449708415,217.0738357016453,246,17,11
mixed,11,123553,G25OR-S21,True,11,6271.223455020103,23956.11727510051,240,225,0,0,0,0,0,0,0,0,0,0,0,0,0,0,0,0,11
mixed,11,123553,G21A,True,11,6867.470086383144,27102.350431915722,236,212,0,0,0,11,9,2,5,3,0,0,14500.931934781047,2872.2056845953566,7861.26023790496,1867.9525746343584,209,16,11
mixed,11,123554,G25OR-S21,True,11,7563.021296974609,28820.106484873042,294,274,0,0,0,0,0,0,0,0,0,0,0,0,0,0,0,0,11
mixed,11,123554,G21A,True,11,7435.844734947041,28509.223674735178,285,254,0,0,0,11,8,3,9,1,0,0,11021.167403000483,6656.765825194105,10308.524352217471,522.7660943231192,245,29,11
mixed,12,123555,G25OR-S21,True,12,6321.293005533943,23796.465027669714,252,242,0,0,0,0,0,0,0,0,0,0,0,0,0,0,0,0,12
mixed,12,123555,G21A,True,12,7274.578725428484,28837.89362714241,245,222,0,0,0,11,10,1,8,2,0,0,13059.693582971395,4849.236481924449,9341.294552946747,1587.6690092998178,216,18,12
mixed,12,123556,G25OR-S21,True,12,7373.160688531981,28340.8034426599,276,265,0,0,0,0,0,0,0,0,0,0,0,0,0,0,0,0,12
mixed,12,123556,G21A,True,12,7352.229959258389,28576.14979629195,267,242,0,0,0,10,10,0,7,1,0,0,13554.619997111187,4115.183564840852,10401.72394669025,504.6222876496595,235,22,12
mixed,12,123557,G25OR-S21,True,12,6847.015665930904,26250.078329654512,257,252,0,0,0,0,0,0,0,0,0,0,0,0,0,0,0,0,12
mixed,12,123557,G21A,True,12,7302.316177394944,28676.58088697473,255,232,0,0,0,12,9,3,8,3,0,0,12116.604603872736,5792.325461023109,9091.501300527718,1676.1495215511677,224,19,12
mixed,12,123558,G25OR-S21,True,12,6602.879367275982,25079.396836379918,256,247,0,0,0,0,0,0,0,0,0,0,0,0,0,0,0,0,12
mixed,12,123558,G21A,True,12,6915.710767026163,26713.55383513081,256,233,0,0,0,12,9,3,9,1,0,0,10842.272460277061,6750.175525711542,7581.204675072197,1539.9011740700098,223,21,12
mixed,12,123559,G25OR-S21,True,12,6872.394607351202,26836.973036756,242,235,0,0,0,0,0,0,0,0,0,0,0,0,0,0,0,0,12
mixed,12,123559,G21A,True,12,7351.477362951514,29362.386814757574,242,209,0,0,0,11,8,3,5,3,0,0,14363.600014364743,3091.0958832457636,8689.896337401475,3217.7945797455914,205,26,12
mixed,12,123560,G25OR-S21,True,12,7250.71622507289,28078.581125364446,264,255,0,0,0,0,0,0,0,0,0,0,0,0,0,0,0,0,12
mixed,12,123560,G21A,True,12,7765.616098835139,30983.080494175687,254,239,0,0,0,12,11,1,10,5,0,0,9976.619039476685,7043.5482889351715,9795.332049606248,4167.581116157582,231,11,12
mixed,12,123561,G25OR-S21,True,12,6475.572079087251,25122.860395436244,233,226,0,0,0,0,0,0,0,0,0,0,0,0,0,0,0,0,12
mixed,12,123561,G21A,True,12,6690.086971134066,26465.43485567033,225,209,1,0,0,12,12,0,8,2,0,0,12196.704244187598,5712.22582070825,5174.609291361492,3381.895499412989,201,12,13
mixed,12,123562,G25OR-S21,True,12,7375.374958824803,27721.87479412402,297,286,0,0,0,0,0,0,0,0,0,0,0,0,0,0,0,0,12
mixed,12,123562,G21A,True,12,7746.806774355351,29364.03387177674,310,264,0,0,0,9,7,2,7,3,0,0,13375.279282798501,4533.650782097344,9983.798889694157,1471.3049171867387,262,39,12
mixed,12,123563,G25OR-S21,True,12,6102.069973654666,22950.349868273322,243,237,0,0,0,0,0,0,0,0,0,0,0,0,0,0,0,0,12
mixed,12,123563,G21A,True,12,7375.931202517253,29384.656012586252,245,214,0,0,0,12,7,5,7,1,0,0,12500.697690112085,5057.093016712058,11182.230941798021,644.6343639640891,205,28,12
mixed,12,123564,G25OR-S21,True,12,7674.047933126176,29545.239665630874,288,265,0,0,0,0,0,0,0,0,0,0,0,0,0,0,0,0,12
mixed,12,123564,G21A,True,12,7831.275498389948,30741.377491949723,276,243,0,0,0,11,6,5,8,1,0,0,11622.887542847571,6286.042522048277,11994.217532507846,838.2298945460279,234,31,12
mixed,12,123565,G25OR-S21,True,12,6733.680279821569,25818.40139910785,253,245,0,0,0,0,0,0,0,0,0,0,0,0,0,0,0,0,12
mixed,12,123565,G21A,True,12,7140.597429359328,28242.987146796648,243,217,0,0,0,12,11,1,6,1,0,0,13362.299751013696,4546.6303138821495,8236.328918462208,2097.7281634385945,210,21,12
mixed,12,123566,G25OR-S21,True,12,6712.504416051534,25222.52208025766,271,253,0,0,0,0,0,0,0,0,0,0,0,0,0,0,0,0,12
mixed,12,123566,G21A,True,12,7647.811218763992,30044.056093819934,270,229,0,0,0,12,4,8,8,1,0,0,12556.434324617254,5235.006256838362,11845.925931046775,406.68958131754334,218,40,12
mixed,12,123567,G25OR-S21,True,12,6848.181681743475,26535.908408717372,248,241,0,0,0,0,0,0,0,0,0,0,0,0,0,0,0,0,12
mixed,12,123567,G21A,True,12,7122.521317448548,27967.606587242746,247,234,0,0,0,12,12,0,9,5,0,0,10853.612831633354,5929.06138944138,6122.686890601213,5062.245475566799,227,8,12
mixed,12,123568,G25OR-S21,True,12,6782.807443930641,26099.0372196532,253,238,0,0,0,0,0,0,0,0,0,0,0,0,0,0,0,0,12
mixed,12,123568,G21A,True,12,6890.072426035802,26915.362130178997,246,217,0,0,0,12,9,3,7,1,0,0,12270.054382781493,5292.844528315442,8667.8793924542,684.5838266278618,208,26,12
mixed,12,123569,G25OR-S21,True,12,7240.787431841013,27878.937159205067,270,255,0,0,0,0,0,0,0,0,0,0,0,0,0,0,0,0,12
mixed,12,123569,G21A,True,12,7539.770995008287,29193.854975041453,280,241,0,0,0,10,9,1,4,3,0,0,14817.143953376397,2768.213095534463,9185.631984817639,2422.8659413129544,240,30,12
mixed,13,123570,G25OR-S21,True,13,7156.29689695343,27056.48448476714,282,270,0,0,0,0,0,0,0,0,0,0,0,0,0,0,0,0,13
mixed,13,123570,G21A,True,13,7425.552540630129,28537.762703150627,280,253,0,0,0,13,10,3,10,0,0,0,10419.973772945674,7488.956291950171,10381.78859324598,247.04404500880264,240,27,13
mixed,13,123571,G25OR-S21,True,13,6820.008648059813,26270.04324029905,252,241,0,0,0,0,0,0,0,0,0,0,0,0,0,0,0,0,13
mixed,13,123571,G21A,True,13,7356.839814951033,28849.199074755168,260,222,0,0,0,12,7,5,7,3,0,1,13652.400224987014,4156.566986677126,9886.45592146388,1153.7759416271492,215,33,13
mixed,13,123572,G25OR-S21,True,13,6946.543019226711,27332.71509613356,237,230,0,0,0,0,0,0,0,0,0,0,0,0,0,0,0,0,13
mixed,13,123572,G21A,True,13,7247.68849368626,29268.442468431298,226,199,0,0,0,12,10,2,7,3,0,0,13815.590987775724,3602.774811832333,9490.446608590697,2359.6300602325437,191,23,13
mixed,13,123573,G25OR-S21,True,13,7055.648765618287,27838.24382809144,239,228,0,0,0,0,0,0,0,0,0,0,0,0,0,0,0,0,13
mixed,13,123573,G21A,True,13,7361.592497725858,29877.96248862926,225,193,1,0,0,13,8,5,8,3,0,0,13055.954942365384,4466.037064819233,9780.587779422975,2575.382702021667,183,29,14
mixed,13,123574,G25OR-S21,True,13,6509.508685902276,25662.54342951138,220,212,0,0,0,0,0,0,0,0,0,0,0,0,0,0,0,0,13
mixed,13,123574,G21A,True,13,6859.418534646046,27642.092673230232,215,191,0,0,0,13,10,3,8,3,0,0,12722.384775854938,4587.091217506528,8836.639959610031,1495.9767202587357,181,21,13
mixed,13,123575,G25OR-S21,True,13,7179.125895429333,28290.629477146656,244,236,0,0,0,0,0,0,0,0,0,0,0,0,0,0,0,0,13
mixed,13,123575,G21A,True,13,7589.786375595568,30528.931877977844,241,214,0,0,0,13,10,3,9,1,0,0,11961.226989031074,5947.703075864774,11568.960999300783,1051.040813781212,201,27,13
mixed,13,123576,G25OR-S21,True,13,7471.0410699200875,29410.205349600434,256,244,0,0,0,0,0,0,0,0,0,0,0,0,0,0,0,0,13
mixed,13,123576,G21A,True,13,7502.444296303502,29922.221481517492,247,218,0,0,0,13,10,3,10,2,0,0,10870.3369457615,6705.133650307787,8865.527393874392,3481.2234915738136,207,27,13
mixed,13,123577,G25OR-S21,True,13,7087.368196885108,27996.840984425537,238,233,0,0,0,0,0,0,0,0,0,0,0,0,0,0,0,0,13
mixed,13,123577,G21A,True,13,7457.558626850655,30117.793134253272,232,209,0,0,0,13,10,3,9,4,0,0,10925.020451598455,6239.5625633291875,9603.361932203301,3349.8481871223275,200,19,13
mixed,13,123578,G25OR-S21,True,13,6738.957033065159,26244.78516532579,239,230,0,0,0,0,0,0,0,0,0,0,0,0,0,0,0,0,13
mixed,13,123578,G21A,True,13,7817.562802166204,31657.814010831025,242,211,0,0,0,12,7,5,9,1,0,0,10820.01638633543,7088.91367856042,12841.217096017957,907.6668499172192,199,31,13
mixed,13,123579,G25OR-S21,True,13,6846.158037475512,26305.79018737755,254,250,0,0,0,0,0,0,0,0,0,0,0,0,0,0,0,0,13
mixed,13,123579,G21A,True,13,7413.967019413088,29369.835097065443,249,230,0,0,0,13,10,3,9,1,0,0,11097.366234662586,6811.563830233263,7758.9585884919325,3701.9464436776616,221,15,13
mixed,13,123580,G25OR-S21,True,13,6794.827567882943,26054.137839414718,255,244,0,0,0,0,0,0,0,0,0,0,0,0,0,0,0,0,13
mixed,13,123580,G21A,True,13,7169.48933981737,28322.446699086835,245,215,0,0,0,12,11,1,8,3,0,0,11132.948012536744,6288.921753188177,7168.112735743143,3732.4641976187695,208,25,13
mixed,13,123581,G25OR-S21,True,13,6787.976952184916,26004.88476092457,255,247,0,0,0,0,0,0,0,0,0,0,0,0,0,0,0,0,13
mixed,13,123581,G21A,True,13,6994.572248757242,27357.861243786218,246,228,0,0,0,13,12,1,9,5,0,1,10658.472336860053,7280.060663176413,5273.301627910874,4146.026615838878,219,14,13
mixed,13,123582,G25OR-S21,True,13,6689.593168366507,25947.965841832534,240,235,0,0,0,0,0,0,0,0,0,0,0,0,0,0,0,0,13
mixed,13,123582,G21A,True,13,6914.262986649421,27301.31493324711,235,214,0,0,0,13,11,2,8,1,0,0,12250.285487620311,5658.644577275538,8268.35180018872,1124.033068162542,203,19,13
mixed,13,123583,G25OR-S21,True,13,6974.410116722439,26732.05058361221,262,253,0,0,0,0,0,0,0,0,0,0,0,0,0,0,0,0,13
mixed,13,123583,G21A,True,13,6977.251389437197,27011.25694718598,255,235,0,0,0,13,11,2,9,3,0,0,10978.097147094313,6549.090574596463,8028.808021855173,1455.2612036400287,223,19,13
mixed,13,123584,G25OR-S21,True,13,7017.759640148891,27843.798200744444,232,224,0,0,0,0,0,0,0,0,0,0,0,0,0,0,0,0,13
mixed,13,123584,G21A,True,13,7223.748588875098,29053.74294437548,227,207,2,0,0,13,11,2,10,2,0,0,11667.739942235532,6088.551397293511,9685.019781105144,1612.4318237412936,194,20,15
mixed,14,123585,G25OR-S21,True,14,6529.889845718583,25859.449228592905,216,208,0,0,0,0,0,0,0,0,0,0,0,0,0,0,0,0,14
mixed,14,123585,G21A,True,14,7087.159046824699,28805.79523412349,212,196,0,0,0,14,13,1,8,2,0,0,13359.672117942537,4549.257946953308,8989.096837179066,1907.7683320485776,183,15,14
mixed,14,123586,G25OR-S21,True,14,6853.414585791812,27202.072928959064,226,213,0,0,0,0,0,0,0,0,0,0,0,0,0,0,0,0,14
mixed,14,123586,G21A,True,14,7147.939778869446,28954.69889434722,220,187,0,0,0,13,10,3,8,3,0,0,11101.326886144161,6137.573231130966,10249.599030497691,1466.1997465744025,179,28,14
mixed,14,123587,G25OR-S21,True,14,6541.132782597847,25710.663912989236,223,214,0,0,0,0,0,0,0,0,0,0,0,0,0,0,0,0,14
mixed,14,123587,G21A,True,14,7135.948087490794,28824.740437453962,221,196,0,0,0,14,9,5,9,0,0,0,11594.782674222957,6314.147390672892,10648.860840702335,266.94953185577833,180,27,14
mixed,14,123588,G25OR-S21,True,14,6634.70225967647,26623.511298382364,208,200,0,0,0,0,0,0,0,0,0,0,0,0,0,0,0,0,14
mixed,14,123588,G21A,True,14,7337.493051808283,30072.465259041375,213,188,0,0,0,14,13,1,9,3,0,0,11408.632157812011,6500.297907083834,10177.103141772375,1986.4320523731549,175,24,14
mixed,14,123589,G25OR-S21,True,14,6697.983640786671,27199.918203933357,199,193,0,0,0,0,0,0,0,0,0,0,0,0,0,0,0,0,14
mixed,14,123589,G21A,True,14,7470.007677885485,31195.038389427442,199,166,0,0,0,14,9,5,7,1,0,0,13389.386491063146,4359.466733293584,13013.534108830616,432.6510562400963,152,33,14
mixed,14,123590,G25OR-S21,True,14,6672.39401789738,26876.970089486895,206,197,0,0,0,0,0,0,0,0,0,0,0,0,0,0,0,0,14
mixed,14,123590,G21A,True,14,7224.770697346498,29813.853486732518,203,177,0,0,0,14,10,4,9,2,0,0,11576.089674496896,5798.831316647221,11559.7229785878,879.2095170006005,163,26,14
mixed,14,123591,G25OR-S21,True,14,7321.791910394337,29848.95955197166,215,207,0,0,0,0,0,0,0,0,0,0,0,0,0,0,0,0,14
mixed,14,123591,G21A,True,14,7582.190703263802,31425.953516319005,210,177,0,0,0,14,10,4,8,1,0,0,12410.464557131796,5498.465507764049,12891.944484606469,625.0789668166908,163,33,14
mixed,14,123592,G25OR-S21,True,14,6765.790917363387,26773.95458681693,225,216,0,0,0,0,0,0,0,0,0,0,0,0,0,0,0,0,14
mixed,14,123592,G21A,True,14,6905.985853243515,27604.92926621757,223,200,0,0,0,14,12,2,7,6,0,0,11757.664705100051,5462.91653666781,6060.009371986282,4324.338652463426,192,17,14
mixed,14,123593,G25OR-S21,True,14,6532.9179012712775,25874.589506356388,216,208,0,0,0,0,0,0,0,0,0,0,0,0,0,0,0,0,14
mixed,14,123593,G21A,True,14,6931.5165124528685,28442.582562264342,200,173,0,0,0,14,9,5,8,2,0,0,11905.440665185117,5793.634066378554,9985.3220123865,758.1858183141721,161,25,14
mixed,14,123594,G25OR-S21,True,14,6945.112876269835,26895.564381349162,251,241,0,0,0,0,0,0,0,0,0,0,0,0,0,0,0,0,14
mixed,14,123594,G21A,True,14,7030.076435020259,27760.382175101284,239,213,0,0,0,14,12,2,8,1,0,0,12196.434240061479,5712.495824834366,8787.04918788355,1064.4029223218895,200,25,14
mixed,14,123595,G25OR-S21,True,14,6843.4092714762955,26627.04635738148,243,233,0,0,0,0,0,0,0,0,0,0,0,0,0,0,0,0,14
mixed,14,123595,G21A,True,14,7528.8429430855585,30144.214715427785,243,215,0,0,0,13,11,2,9,2,0,0,10973.485317720493,6935.444747175356,10723.070365670243,1512.2142848616932,204,26,14
mixed,14,123596,G25OR-S21,True,14,7193.528928336647,28292.644641683233,245,240,0,0,0,0,0,0,0,0,0,0,0,0,0,0,0,0,14
mixed,14,123596,G21A,True,14,7501.613006028399,30108.06503014198,241,205,0,0,0,12,9,3,8,2,0,0,12735.250980653362,5203.034838425141,11298.235072924104,871.5441381393739,194,35,14
mixed,14,123597,G25OR-S21,True,14,6848.838734020817,27309.19367010407,221,212,0,0,0,0,0,0,0,0,0,0,0,0,0,0,0,0,14
mixed,14,123597,G21A,True,14,7403.309129575748,30256.54564787874,219,187,0,0,0,14,10,4,8,2,0,0,12469.153055669673,5146.481425652069,11594.270338580056,1046.6408279769403,174,31,14
mixed,14,123598,G25OR-S21,True,14,7174.164325662883,28445.8216283144,237,230,0,0,0,0,0,0,0,0,0,0,0,0,0,0,0,0,14
mixed,14,123598,G21A,True,14,7350.261528911184,29811.30764455592,223,203,0,0,0,14,12,2,9,2,0,1,11403.505021288529,6311.664920152365,11020.491922962883,1075.6457801521428,188,21,14
mixed,14,123599,G25OR-S21,True,14,6982.232149935355,27351.160749676776,242,232,0,0,0,0,0,0,0,0,0,0,0,0,0,0,0,0,14
mixed,14,123599,G21A,True,14,7212.007910791466,28700.039553957326,236,222,0,0,0,14,13,1,9,4,0,0,11275.50087484928,6633.429190046565,7497.281977526323,3293.827511535157,210,12,14
mixed,15,123600,G25OR-S21,True,15,7195.432458876657,28767.162294383284,229,222,0,0,0,0,0,0,0,0,0,0,0,0,0,0,0,0,15
mixed,15,123600,G21A,True,15,7925.128126278139,32445.640631390685,233,196,0,0,0,13,10,3,10,0,0,0,10680.677411580578,7228.25265331527,14154.85914617369,381.85142032114527,180,40,15
mixed,15,123601,G25OR-S21,True,15,7441.78353633183,29923.917681659146,233,217,0,0,0,0,0,0,0,0,0,0,0,0,0,0,0,0,15
mixed,15,123601,G21A,True,15,7822.587960664278,32207.939803321384,222,196,0,0,0,14,13,1,8,2,0,0,12688.92397138198,4806.1374882470855,12836.013382745186,1876.86496094713,182,26,15
mixed,15,123602,G25OR-S21,True,15,6943.8399181416635,28019.199590708307,212,205,0,0,0,0,0,0,0,0,0,0,0,0,0,0,0,0,15
mixed,15,123602,G21A,True,15,7035.473742991529,28847.36871495764,202,181,0,0,0,15,13,2,11,4,0,0,9936.800648429657,7312.90212429132,8096.926859931387,3500.7390823052747,165,22,15
mixed,15,123603,G25OR-S21,True,15,6682.641765362627,26673.208826813127,214,203,0,0,0,0,0,0,0,0,0,0,0,0,0,0,0,0,15
mixed,15,123603,G21A,True,15,7091.48162433101,29087.408121655037,203,184,0,0,0,14,13,1,10,6,0,0,12349.746440400491,5007.63491901367,8148.589176458034,3581.437585782842,172,17,15
mixed,15,123604,G25OR-S21,True,15,6674.108324886989,27370.541624434936,188,182,1,0,0,0,0,0,0,0,0,0,0,0,0,0,0,0,16
mixed,15,123604,G21A,True,15,7407.804043095449,31019.020215477252,195,154,0,0,0,15,10,5,7,2,0,1,13260.434270694654,4326.281505785209,11854.902590125803,1577.4018488715874,141,39,15
mixed,15,123605,G25OR-S21,True,15,6786.318602810135,27146.593014050664,215,207,0,0,0,0,0,0,0,0,0,0,0,0,0,0,0,0,15
mixed,15,123605,G21A,True,15,6786.375578366077,27876.877891830394,193,171,0,0,0,15,13,2,10,4,0,0,11509.98368858159,5472.75318773807,8616.988775167687,2277.152240343047,156,22,15
mixed,15,123606,G25OR-S21,True,15,7180.921140286417,29119.605701432076,216,202,0,0,0,0,0,0,0,0,0,0,0,0,0,0,0,0,15
mixed,15,123606,G21A,True,15,7489.899753913964,30799.49876956981,215,180,0,0,0,14,12,2,9,1,0,0,12306.935113469093,5601.994951426752,11632.349221759443,1258.2194829145228,164,37,15
mixed,15,123607,G25OR-S21,True,15,7284.185052067001,29630.925260334985,215,208,0,0,0,0,0,0,0,0,0,0,0,0,0,0,0,0,15
mixed,15,123607,G21A,True,15,7632.702942523722,31513.51471261862,214,185,0,0,0,14,11,3,8,2,0,0,11434.906216920801,5732.8639620624035,13272.23876828076,1073.5057653546564,171,29,15
mixed,15,123608,G25OR-S21,True,15,7662.927910345029,31279.63955172514,225,207,0,0,0,0,0,0,0,0,0,0,0,0,0,0,0,0,15
mixed,15,123608,G21A,True,15,7707.634829641232,31833.17414820617,216,186,0,0,0,13,12,1,9,4,0,0,11168.46560236855,6030.703854694434,11346.26806889789,3287.736622245295,176,27,15
mixed,15,123609,G25OR-S21,True,15,7001.946290386396,27654.73145193198,234,226,0,0,0,0,0,0,0,0,0,0,0,0,0,0,0,0,15
mixed,15,123609,G21A,True,15,7253.927032752477,29669.635163762385,211,190,0,0,0,15,13,2,9,2,0,0,11430.720299363944,6478.209765531906,11050.487544001364,710.2175548651721,174,22,15
mixed,15,123610,G25OR-S21,True,15,6784.080491069383,26095.40245534691,250,240,0,0,0,0,0,0,0,0,0,0,0,0,0,0,0,0,15
mixed,15,123610,G21A,True,15,7211.081977249415,28430.409886247067,246,220,0,0,0,15,10,5,10,6,0,0,10694.351459886306,6619.828536381909,7869.187875512569,3247.042014466283,207,24,15
mixed,15,123611,G25OR-S21,True,15,6982.91298450109,28329.56492250545,209,197,0,0,0,0,0,0,0,0,0,0,0,0,0,0,0,0,15
mixed,15,123611,G21A,True,15,7356.348136890199,30441.74068445099,204,173,0,0,0,15,11,4,10,3,0,0,11823.856506494003,6085.073558401841,10539.626078844009,1993.184540711136,157,32,15
mixed,15,123612,G25OR-S21,True,15,6830.394230775528,27621.97115387763,207,196,0,0,0,0,0,0,0,0,0,0,0,0,0,0,0,0,15
mixed,15,123612,G21A,True,15,6929.732853995727,28368.66426997863,201,176,0,0,0,13,12,1,9,7,0,0,11123.1400140526,6085.653099690125,6213.2573853510985,4946.613770884808,167,21,15
mixed,15,123613,G25OR-S21,True,15,7026.603018596323,27493.015092981608,244,233,0,0,0,0,0,0,0,0,0,0,0,0,0,0,0,0,15
mixed,15,123613,G21A,True,15,7350.688179589518,29728.440897947577,226,200,0,0,0,14,11,3,9,1,0,0,11396.050442323272,6140.781736564641,10700.314059169319,1491.2946598903445,186,26,15
mixed,15,123614,G25OR-S21,True,15,6992.390707524847,27151.953537624213,249,242,0,0,0,0,0,0,0,0,0,0,0,0,0,0,0,0,15
mixed,15,123614,G21A,True,15,6913.414873415364,27192.07436707683,236,220,0,0,0,15,12,3,13,3,0,0,8641.702090150835,9267.227974745008,8096.300076169253,1186.8442260117336,203,18,15
mixed,16,123615,G25OR-S21,True,16,6639.528371148232,26227.64185574115,221,206,1,0,0,0,0,0,0,0,0,0,0,0,0,0,0,0,17
mixed,16,123615,G21A,True,16,6970.571770649451,28152.858853247242,214,187,1,0,0,14,12,2,11,1,0,0,8083.225371736406,7893.883272849695,9916.27765544609,2259.4725532150514,168,32,17
mixed,16,123616,G25OR-S21,True,16,7234.826779130182,29309.133895650903,217,208,0,0,0,0,0,0,0,0,0,0,0,0,0,0,0,0,16
mixed,16,123616,G21A,True,16,7797.025755180769,32250.128775903817,217,182,0,0,0,15,10,5,10,4,0,0,12035.274948759243,5677.286830763811,11278.413649143029,3259.153347237733,167,35,16
mixed,16,123617,G25OR-S21,True,16,5855.889914783205,23694.449573916016,174,167,0,0,0,0,0,0,0,0,0,0,0,0,0,0,0,0,16
mixed,16,123617,G21A,True,16,6254.567906865804,25897.839534329025,170,145,0,0,0,14,12,2,8,4,0,0,8832.185307353848,4258.417599327586,9430.485460504,3376.75116714359,129,27,16
mixed,16,123618,G25OR-S21,True,16,3789.350472939029,15581.752364695136,100,93,0,0,0,0,0,0,0,0,0,0,0,0,0,0,0,0,16
mixed,16,123618,G21A,True,16,3923.555761682087,16357.778808410436,97,87,0,0,0,12,12,0,6,3,0,0,938.9856289607615,3576.0364311053845,9524.036613174305,2318.720135169984,63,22,16
mixed,16,123619,G25OR-S21,True,16,4062.27072855426,16511.353642771293,116,100,0,0,0,0,0,0,0,0,0,0,0,0,0,0,0,0,16
mixed,16,123619,G21A,True,16,4125.177694960587,17015.888474802938,110,92,0,0,0,12,11,1,7,3,0,0,493.95932008002796,3873.080459351909,10790.542177915777,1858.306517455224,68,30,16
mixed,16,123620,G25OR-S21,True,16,6402.602500659018,25328.012503295085,212,197,0,0,0,0,0,0,0,0,0,0,0,0,0,0,0,0,16
mixed,16,123620,G21A,True,16,6620.480521219993,26822.402606099957,200,176,0,0,0,14,12,2,8,2,0,0,10226.677283585323,5750.431361000775,8425.80401741217,2419.4899441016896,160,26,16
mixed,16,123621,G25OR-S21,True,16,7787.21765234594,31376.088261729696,243,217,0,0,0,0,0,0,0,0,0,0,0,0,0,0,0,0,16
mixed,16,123621,G21A,True,16,8078.41239814324,32882.061990716196,244,202,0,0,0,15,9,6,11,3,0,0,9835.942052608358,8072.988012287487,11522.697954599902,3450.433971220449,184,45,16
mixed,16,123622,G25OR-S21,True,16,4543.169065417222,18210.8453270861,140,121,0,0,0,0,0,0,0,0,0,0,0,0,0,0,0,0,16
mixed,16,123622,G21A,True,16,4563.3841244285495,18426.920622142745,136,118,0,0,0,14,13,1,6,2,0,0,2060.486768042989,3866.7873358802754,11194.295545154286,1305.350973065194,93,29,16
mixed,16,123623,G25OR-S21,True,16,6551.7283003161865,26828.64150158091,187,171,0,0,0,0,0,0,0,0,0,0,0,0,0,0,0,0,16
mixed,16,123623,G21A,True,16,7860.610523285301,33273.05261642651,194,156,0,0,0,12,9,3,7,2,0,0,11070.775753283586,3940.4193340935844,16567.385785845647,1694.4717432036923,142,40,16
mixed,16,123624,G25OR-S21,True,16,5691.67481986311,22508.374099315533,187,175,0,0,0,0,0,0,0,0,0,0,0,0,0,0,0,0,16
mixed,16,123624,G21A,True,16,6066.074601389435,24510.37300694717,185,159,0,0,0,13,11,2,7,1,0,0,6114.9648166530005,4748.9358417056765,13009.558179271735,636.9141693167594,138,34,16
mixed,16,123625,G25OR-S21,True,16,5549.165319565583,22525.826597827912,163,149,0,0,0,0,0,0,0,0,0,0,0,0,0,0,0,0,16
mixed,16,123625,G21A,True,16,6098.4790804022105,25542.395402011043,155,135,0,0,0,14,13,1,7,6,0,0,8414.970206780745,3495.0755376934903,10404.036338513179,3228.3133190236285,120,21,16
mixed,16,123626,G25OR-S21,True,16,5872.831963432052,23354.159817160256,189,177,0,0,0,0,0,0,0,0,0,0,0,0,0,0,0,0,16
mixed,16,123626,G21A,True,16,6110.304198287524,24676.520991437614,186,165,0,0,0,15,14,1,8,4,0,0,8309.407959994383,5262.918580861548,9751.201331389188,1352.9931191924952,148,23,16
mixed,16,123627,G25OR-S21,True,16,7625.752617180135,30193.763085900686,254,237,0,0,0,0,0,0,0,0,0,0,0,0,0,0,0,0,16
mixed,16,123627,G21A,True,16,8070.067172976326,32485.335864881657,255,218,0,0,0,13,10,3,8,1,0,0,12624.399032836494,5284.531032059355,13745.873177229001,830.5326227568075,201,41,16
mixed,16,123628,G25OR-S21,True,16,6949.781625043282,27583.908125216407,229,208,0,0,0,0,0,0,0,0,0,0,0,0,0,0,0,0,16
mixed,16,123628,G21A,True,16,7046.697436035106,28503.48718017554,216,186,0,0,0,13,11,2,8,2,0,0,10386.234917093527,4453.482259069085,12482.274669742634,1181.4953342702938,170,33,16
mixed,16,123629,G25OR-S21,True,16,6455.708465952985,25873.542329764925,204,181,0,0,0,0,0,0,0,0,0,0,0,0,0,0,0,0,16
mixed,16,123629,G21A,True,16,6773.627205113556,27623.136025567765,200,169,0,0,0,13,10,3,8,1,0,0,5128.904946830093,6018.641605819481,15508.743844799012,966.8456281191793,147,40,16
